created_at,text,entities
2021-02-23 17:59:39+00:00,Buckle up for our favorite chase sequences! All of these and more are now sÃ∂pÃ∂eÃ∂eÃ∂dÃ∂iÃ∂nÃ∂gÃ∂ streaming on #DisneyPlus‚Ä¶ https://t.co/BsN2otdf5l,"{'hashtags': [{'text': 'DisneyPlus', 'indices': [104, 115]}], 'symbols': [], 'user_mentions': [], 'urls': [{'url': 'https://t.co/BsN2otdf5l', 'expanded_url': 'https://twitter.com/i/web/status/1364273733238542337', 'display_url': 'twitter.com/i/web/status/1‚Ä¶', 'indices': [117, 140]}]}"
2021-02-23 11:00:00+00:00,"More content, more control. Determine the content settings for your family members using new parental controls on‚Ä¶ https://t.co/6nztVaSaDH","{'hashtags': [], 'symbols': [], 'user_mentions': [], 'urls': [{'url': 'https://t.co/6nztVaSaDH', 'expanded_url': 'https://twitter.com/i/web/status/1364168123151224833', 'display_url': 'twitter.com/i/web/status/1‚Ä¶', 'indices': [115, 138]}]}"
2021-02-23 04:09:40+00:00,A PSA (Parent Service Announcement) from Stewie Griffin: #DisneyPlusStar is streaming tomorrow in select internatio‚Ä¶ https://t.co/BKYUQBSkWt,"{'hashtags': [{'text': 'DisneyPlusStar', 'indices': [57, 72]}], 'symbols': [], 'user_mentions': [], 'urls': [{'url': 'https://t.co/BKYUQBSkWt', 'expanded_url': 'https://twitter.com/i/web/status/1364064859281743873', 'display_url': 'twitter.com/i/web/status/1‚Ä¶', 'indices': [117, 140]}]}"
2021-02-22 18:00:01+00:00,"It was her all along üêá

The seventh episode of @MarvelStudios' #WandaVision is now streaming on #DisneyPlus! https://t.co/Ph0iFydljh","{'hashtags': [{'text': 'WandaVision', 'indices': [63, 75]}, {'text': 'DisneyPlus', 'indices': [96, 107]}], 'symbols': [], 'user_mentions': [{'screen_name': 'MarvelStudios', 'name': 'Marvel Studios', 'id': 750751206427860992, 'id_str': '750751206427860992', 'indices': [47, 61]}], 'urls': [], 'media': [{'id': 1363887317283344384, 'id_str': '1363887317283344384', 'indices': [109, 132], 'media_url': 'http://pbs.twimg.com/media/Eu2BourVIAE04l2.jpg', 'media_url_https': 'https://pbs.twimg.com/media/Eu2BourVIAE04l2.jpg', 'url': 'https://t.co/Ph0iFydljh', 'display_url': 'pic.twitter.com/Ph0iFydljh', 'expanded_url': 'https://twitter.com/disneyplus/status/1363911438000128002/video/1', 'type': 'photo', 'sizes': {'thumb': {'w': 150, 'h': 150, 'resize': 'crop'}, 'large': {'w': 1920, 'h': 1080, 'resize': 'fit'}, 'medium': {'w': 1200, 'h': 675, 'resize': 'fit'}, 'small': {'w': 680, 'h': 383, 'resize': 'fit'}}, 'source_user_id': 1162472272214581250, 'source_user_id_str': '1162472272214581250'}]}"
2021-02-22 17:00:22+00:00,This signal has no competition üñ•Ô∏è The seventh episode of @MarvelStudios' #WandaVision is now streaming on‚Ä¶ https://t.co/n8T1wRJ6kf,"{'hashtags': [{'text': 'WandaVision', 'indices': [73, 85]}], 'symbols': [], 'user_mentions': [{'screen_name': 'MarvelStudios', 'name': 'Marvel Studios', 'id': 750751206427860992, 'id_str': '750751206427860992', 'indices': [57, 71]}], 'urls': [{'url': 'https://t.co/n8T1wRJ6kf', 'expanded_url': 'https://twitter.com/i/web/status/1363896427689123842', 'display_url': 'twitter.com/i/web/status/1‚Ä¶', 'indices': [107, 130]}]}"
2021-02-22 03:47:06+00:00,"A work of mayhem‚Äîer, art! ü§© All five seasons of #TheMuppetShow are now streaming. https://t.co/QBzbC4dGHX","{'hashtags': [{'text': 'TheMuppetShow', 'indices': [48, 62]}], 'symbols': [], 'user_mentions': [], 'urls': [], 'media': [{'id': 1363696313141846019, 'id_str': '1363696313141846019', 'indices': [82, 105], 'media_url': 'http://pbs.twimg.com/media/EuzSklZUYAM8wFu.jpg', 'media_url_https': 'https://pbs.twimg.com/media/EuzSklZUYAM8wFu.jpg', 'url': 'https://t.co/QBzbC4dGHX', 'display_url': 'pic.twitter.com/QBzbC4dGHX', 'expanded_url': 'https://twitter.com/disneyplus/status/1363696793733664768/photo/1', 'type': 'photo', 'sizes': {'thumb': {'w': 150, 'h': 150, 'resize': 'crop'}, 'small': {'w': 544, 'h': 680, 'resize': 'fit'}, 'medium': {'w': 960, 'h': 1200, 'resize': 'fit'}, 'large': {'w': 1200, 'h': 1500, 'resize': 'fit'}}}]}"
2021-02-21 17:25:26+00:00,"It‚Äôs ‚ÄúImpossible‚Äù to listen to this song too many times. üé∂üíô

Rodgers &amp; Hammerstein‚Äôs Cinderella is now streaming on‚Ä¶ https://t.co/aIyZ6K9bd3","{'hashtags': [], 'symbols': [], 'user_mentions': [], 'urls': [{'url': 'https://t.co/aIyZ6K9bd3', 'expanded_url': 'https://twitter.com/i/web/status/1363540347234623488', 'display_url': 'twitter.com/i/web/status/1‚Ä¶', 'indices': [121, 144]}]}"
2021-02-21 02:06:39+00:00,"Imagine forgetting @MissPiggy in a Muppets roll call‚Ä¶ good luck, Kermit. 

Comment ""Here"" if you're watching‚Ä¶ https://t.co/f6K83dSl0M","{'hashtags': [], 'symbols': [], 'user_mentions': [{'screen_name': 'MissPiggy', 'name': 'Miss Piggy', 'id': 785739140, 'id_str': '785739140', 'indices': [19, 29]}], 'urls': [{'url': 'https://t.co/f6K83dSl0M', 'expanded_url': 'https://twitter.com/i/web/status/1363309127108161539', 'display_url': 'twitter.com/i/web/status/1‚Ä¶', 'indices': [110, 133]}]}"
2021-02-20 20:53:49+00:00,@alydenisof Same üò±‚ÄºÔ∏èüôå,"{'hashtags': [], 'symbols': [], 'user_mentions': [{'screen_name': 'alydenisof', 'name': 'alyson hannigan', 'id': 30614676, 'id_str': '30614676', 'indices': [0, 11]}], 'urls': []}"
2021-02-20 19:46:07+00:00,@rejectedjokes @IGN @DisneyStudios Sir Slobber and Ulysses would be such a dynamic duo üê∂üêøüí•üí•,"{'hashtags': [], 'symbols': [], 'user_mentions': [{'screen_name': 'rejectedjokes', 'name': 'Ben Schwartz', 'id': 27022632, 'id_str': '27022632', 'indices': [0, 14]}, {'screen_name': 'IGN', 'name': 'IGN', 'id': 18927441, 'id_str': '18927441', 'indices': [15, 19]}, {'screen_name': 'DisneyStudios', 'name': 'Walt Disney Studios', 'id': 36947388, 'id_str': '36947388', 'indices': [20, 34]}], 'urls': []}"
2021-02-20 18:20:30+00:00,@IGN @DisneyStudios @rejectedjokes Look at Hooch's squishy face üòç https://t.co/nNLTenBdWN,"{'hashtags': [], 'symbols': [], 'user_mentions': [{'screen_name': 'IGN', 'name': 'IGN', 'id': 18927441, 'id_str': '18927441', 'indices': [0, 4]}, {'screen_name': 'DisneyStudios', 'name': 'Walt Disney Studios', 'id': 36947388, 'id_str': '36947388', 'indices': [5, 19]}, {'screen_name': 'rejectedjokes', 'name': 'Ben Schwartz', 'id': 27022632, 'id_str': '27022632', 'indices': [20, 34]}], 'urls': [], 'media': [{'id': 1363191733995986946, 'id_str': '1363191733995986946', 'indices': [66, 89], 'media_url': 'http://pbs.twimg.com/media/EusHqNmUYAI1VqP.jpg', 'media_url_https': 'https://pbs.twimg.com/media/EusHqNmUYAI1VqP.jpg', 'url': 'https://t.co/nNLTenBdWN', 'display_url': 'pic.twitter.com/nNLTenBdWN', 'expanded_url': 'https://twitter.com/disneyplus/status/1363191814811869187/photo/1', 'type': 'photo', 'sizes': {'thumb': {'w': 150, 'h': 150, 'resize': 'crop'}, 'small': {'w': 680, 'h': 383, 'resize': 'fit'}, 'medium': {'w': 1200, 'h': 675, 'resize': 'fit'}, 'large': {'w': 1920, 'h': 1080, 'resize': 'fit'}}}]}"
2021-02-20 17:12:21+00:00,We're fine. Really. The seventh episode of @MarvelStudios' #WandaVision is now streaming on #DisneyPlus. https://t.co/D9rVikRHow,"{'hashtags': [{'text': 'WandaVision', 'indices': [59, 71]}, {'text': 'DisneyPlus', 'indices': [92, 103]}], 'symbols': [], 'user_mentions': [{'screen_name': 'MarvelStudios', 'name': 'Marvel Studios', 'id': 750751206427860992, 'id_str': '750751206427860992', 'indices': [43, 57]}], 'urls': [], 'media': [{'id': 1363174660670590976, 'id_str': '1363174660670590976', 'indices': [105, 128], 'media_url': 'http://pbs.twimg.com/media/Eur4IagVkAAI4d_.jpg', 'media_url_https': 'https://pbs.twimg.com/media/Eur4IagVkAAI4d_.jpg', 'url': 'https://t.co/D9rVikRHow', 'display_url': 'pic.twitter.com/D9rVikRHow', 'expanded_url': 'https://twitter.com/disneyplus/status/1363174666936848389/photo/1', 'type': 'photo', 'sizes': {'thumb': {'w': 150, 'h': 150, 'resize': 'crop'}, 'small': {'w': 680, 'h': 383, 'resize': 'fit'}, 'medium': {'w': 1200, 'h': 675, 'resize': 'fit'}, 'large': {'w': 1920, 'h': 1080, 'resize': 'fit'}}}]}"
2021-02-20 02:00:00+00:00,üéµ Check out this new look at Raya and the Last Dragon featuring the brand-new song ‚ÄúLead the Way‚Äù by Jhen√© Aiko üéµ‚Ä¶ https://t.co/nizN4Ihhqv,"{'hashtags': [], 'symbols': [], 'user_mentions': [], 'urls': [{'url': 'https://t.co/nizN4Ihhqv', 'expanded_url': 'https://twitter.com/i/web/status/1362945064209575938', 'display_url': 'twitter.com/i/web/status/1‚Ä¶', 'indices': [115, 138]}]}"
2021-02-19 21:35:09+00:00,"It wasn‚Äôt enough to get The Muppet Show on #DisneyPlus, @TheMuppets also had to take over five of our Originals. (5‚Ä¶ https://t.co/qsF4OM9yrg","{'hashtags': [{'text': 'DisneyPlus', 'indices': [43, 54]}], 'symbols': [], 'user_mentions': [{'screen_name': 'TheMuppets', 'name': 'The Muppets', 'id': 78767466, 'id_str': '78767466', 'indices': [56, 67]}], 'urls': [{'url': 'https://t.co/qsF4OM9yrg', 'expanded_url': 'https://twitter.com/i/web/status/1362878411983659008', 'display_url': 'twitter.com/i/web/status/1‚Ä¶', 'indices': [117, 140]}]}"
2021-02-19 21:35:07+00:00,"It wasn‚Äôt enough to get The Muppet Show on #DisneyPlus, @TheMuppets also had to take over five of our Originals. (4‚Ä¶ https://t.co/E7R8HjyyBO","{'hashtags': [{'text': 'DisneyPlus', 'indices': [43, 54]}], 'symbols': [], 'user_mentions': [{'screen_name': 'TheMuppets', 'name': 'The Muppets', 'id': 78767466, 'id_str': '78767466', 'indices': [56, 67]}], 'urls': [{'url': 'https://t.co/E7R8HjyyBO', 'expanded_url': 'https://twitter.com/i/web/status/1362878406254202880', 'display_url': 'twitter.com/i/web/status/1‚Ä¶', 'indices': [117, 140]}]}"
2021-02-19 21:35:06+00:00,"It wasn‚Äôt enough to get The Muppet Show on #DisneyPlus, @TheMuppets also had to take over five of our Originals. (3‚Ä¶ https://t.co/lkbsCpP7IH","{'hashtags': [{'text': 'DisneyPlus', 'indices': [43, 54]}], 'symbols': [], 'user_mentions': [{'screen_name': 'TheMuppets', 'name': 'The Muppets', 'id': 78767466, 'id_str': '78767466', 'indices': [56, 67]}], 'urls': [{'url': 'https://t.co/lkbsCpP7IH', 'expanded_url': 'https://twitter.com/i/web/status/1362878400533176323', 'display_url': 'twitter.com/i/web/status/1‚Ä¶', 'indices': [117, 140]}]}"
2021-02-19 21:35:05+00:00,"It wasn‚Äôt enough to get The Muppet Show on #DisneyPlus, @TheMuppets also had to take over five of our Originals. (2‚Ä¶ https://t.co/HxRNTzrTdm","{'hashtags': [{'text': 'DisneyPlus', 'indices': [43, 54]}], 'symbols': [], 'user_mentions': [{'screen_name': 'TheMuppets', 'name': 'The Muppets', 'id': 78767466, 'id_str': '78767466', 'indices': [56, 67]}], 'urls': [{'url': 'https://t.co/HxRNTzrTdm', 'expanded_url': 'https://twitter.com/i/web/status/1362878395550343168', 'display_url': 'twitter.com/i/web/status/1‚Ä¶', 'indices': [117, 140]}]}"
2021-02-19 21:35:03+00:00,"It wasn‚Äôt enough to get The Muppet Show on #DisneyPlus, @TheMuppets also had to take over five of our Originals. (1‚Ä¶ https://t.co/NQXl2NANCE","{'hashtags': [{'text': 'DisneyPlus', 'indices': [43, 54]}], 'symbols': [], 'user_mentions': [{'screen_name': 'TheMuppets', 'name': 'The Muppets', 'id': 78767466, 'id_str': '78767466', 'indices': [56, 67]}], 'urls': [{'url': 'https://t.co/NQXl2NANCE', 'expanded_url': 'https://twitter.com/i/web/status/1362878389963554817', 'display_url': 'twitter.com/i/web/status/1‚Ä¶', 'indices': [117, 140]}]}"
2021-02-19 19:44:32+00:00,@EW This is the YAAAAY!!!,"{'hashtags': [], 'symbols': [], 'user_mentions': [{'screen_name': 'EW', 'name': 'Entertainment Weekly', 'id': 16312576, 'id_str': '16312576', 'indices': [0, 3]}], 'urls': []}"
2021-02-19 19:00:00+00:00,Where do we start? üí• Start streaming @MarvelStudios' The Falcon and the Winter Soldier on #DisneyPlus in ONE month.‚Ä¶ https://t.co/XKcBFAVGXv,"{'hashtags': [{'text': 'DisneyPlus', 'indices': [90, 101]}], 'symbols': [], 'user_mentions': [{'screen_name': 'MarvelStudios', 'name': 'Marvel Studios', 'id': 750751206427860992, 'id_str': '750751206427860992', 'indices': [37, 51]}], 'urls': [{'url': 'https://t.co/XKcBFAVGXv', 'expanded_url': 'https://twitter.com/i/web/status/1362839369413840897', 'display_url': 'twitter.com/i/web/status/1‚Ä¶', 'indices': [117, 140]}]}"
2021-02-19 17:00:02+00:00,Why don‚Äôt we *finally* get things started?! All five seasons of #TheMuppetShow are now streaming on #DisneyPlus! https://t.co/7cr0qiAj9G,"{'hashtags': [{'text': 'TheMuppetShow', 'indices': [64, 78]}, {'text': 'DisneyPlus', 'indices': [100, 111]}], 'symbols': [], 'user_mentions': [], 'urls': [], 'media': [{'id': 1362516034691850242, 'id_str': '1362516034691850242', 'indices': [113, 136], 'media_url': 'http://pbs.twimg.com/media/EumqV89VcAA6_cS.png', 'media_url_https': 'https://pbs.twimg.com/media/EumqV89VcAA6_cS.png', 'url': 'https://t.co/7cr0qiAj9G', 'display_url': 'pic.twitter.com/7cr0qiAj9G', 'expanded_url': 'https://twitter.com/disneyplus/status/1362809179514101762/video/1', 'type': 'photo', 'sizes': {'small': {'w': 600, 'h': 600, 'resize': 'fit'}, 'large': {'w': 600, 'h': 600, 'resize': 'fit'}, 'medium': {'w': 600, 'h': 600, 'resize': 'fit'}, 'thumb': {'w': 150, 'h': 150, 'resize': 'crop'}}}]}"
2021-02-19 16:29:46+00:00,Low key already obsessed with this super squirrel üêø ‚ö° üí•  #FloraAndUlysses is now streaming on #DisneyPlus! https://t.co/LWjFvnLM1g,"{'hashtags': [{'text': 'FloraAndUlysses', 'indices': [57, 73]}, {'text': 'DisneyPlus', 'indices': [94, 105]}], 'symbols': [], 'user_mentions': [], 'urls': [], 'media': [{'id': 1362568059018301440, 'id_str': '1362568059018301440', 'indices': [107, 130], 'media_url': 'http://pbs.twimg.com/media/EujSjbKVgAMAkxZ.jpg', 'media_url_https': 'https://pbs.twimg.com/media/EujSjbKVgAMAkxZ.jpg', 'url': 'https://t.co/LWjFvnLM1g', 'display_url': 'pic.twitter.com/LWjFvnLM1g', 'expanded_url': 'https://twitter.com/disneyplus/status/1362801563295645696/video/1', 'type': 'photo', 'sizes': {'thumb': {'w': 150, 'h': 150, 'resize': 'crop'}, 'small': {'w': 679, 'h': 680, 'resize': 'fit'}, 'medium': {'w': 1199, 'h': 1200, 'resize': 'fit'}, 'large': {'w': 1660, 'h': 1662, 'resize': 'fit'}}, 'source_user_id': 36947388, 'source_user_id_str': '36947388'}]}"
2021-02-19 14:00:02+00:00,Are you even READY? The seventh episode of @MarvelStudios' #WandaVision is now streaming on #DisneyPlus. https://t.co/JGKUvtQ7ps,"{'hashtags': [{'text': 'WandaVision', 'indices': [59, 71]}, {'text': 'DisneyPlus', 'indices': [92, 103]}], 'symbols': [], 'user_mentions': [{'screen_name': 'MarvelStudios', 'name': 'Marvel Studios', 'id': 750751206427860992, 'id_str': '750751206427860992', 'indices': [43, 57]}], 'urls': [], 'media': [{'id': 1362497073472397315, 'id_str': '1362497073472397315', 'indices': [105, 128], 'media_url': 'http://pbs.twimg.com/media/EuiQRYxU4AINYP0.png', 'media_url_https': 'https://pbs.twimg.com/media/EuiQRYxU4AINYP0.png', 'url': 'https://t.co/JGKUvtQ7ps', 'display_url': 'pic.twitter.com/JGKUvtQ7ps', 'expanded_url': 'https://twitter.com/disneyplus/status/1362763878942187520/video/1', 'type': 'photo', 'sizes': {'small': {'w': 600, 'h': 600, 'resize': 'fit'}, 'large': {'w': 600, 'h': 600, 'resize': 'fit'}, 'medium': {'w': 600, 'h': 600, 'resize': 'fit'}, 'thumb': {'w': 150, 'h': 150, 'resize': 'crop'}}, 'source_user_id': 1162472272214581250, 'source_user_id_str': '1162472272214581250'}]}"
2021-02-19 13:00:22+00:00,"Gear up for a sensational, inspirational, celebrational, Muppetational weekend! All five seasons of #TheMuppetShow,‚Ä¶ https://t.co/hGSRqmwH2A","{'hashtags': [{'text': 'TheMuppetShow', 'indices': [100, 114]}], 'symbols': [], 'user_mentions': [], 'urls': [{'url': 'https://t.co/hGSRqmwH2A', 'expanded_url': 'https://twitter.com/i/web/status/1362748862600011776', 'display_url': 'twitter.com/i/web/status/1‚Ä¶', 'indices': [117, 140]}]}"
2021-02-18 20:00:01+00:00,"Let‚Äôs catch you up. Watch an all-new behind-the-scenes look at Raya and the Last Dragon with Kelly Marie Tran, Awkw‚Ä¶ https://t.co/8manrOyKMN","{'hashtags': [], 'symbols': [], 'user_mentions': [], 'urls': [{'url': 'https://t.co/8manrOyKMN', 'expanded_url': 'https://twitter.com/i/web/status/1362492085610414084', 'display_url': 'twitter.com/i/web/status/1‚Ä¶', 'indices': [117, 140]}]}"
2021-02-18 14:00:01+00:00,"Rest your eyes on this brand-new clip from the seventh episode of @MarvelStudios' #WandaVision, streaming tomorrow‚Ä¶ https://t.co/qbM8fCkO3x","{'hashtags': [{'text': 'WandaVision', 'indices': [82, 94]}], 'symbols': [], 'user_mentions': [{'screen_name': 'MarvelStudios', 'name': 'Marvel Studios', 'id': 750751206427860992, 'id_str': '750751206427860992', 'indices': [66, 80]}], 'urls': [{'url': 'https://t.co/qbM8fCkO3x', 'expanded_url': 'https://twitter.com/i/web/status/1362401485577883657', 'display_url': 'twitter.com/i/web/status/1‚Ä¶', 'indices': [116, 139]}]}"
2021-02-16 20:00:00+00:00,"March is going to be a GAME CHANGER. Next month, start streaming @MarvelStudios' The Falcon and the Winter Soldier,‚Ä¶ https://t.co/4bzH6c1dij","{'hashtags': [], 'symbols': [], 'user_mentions': [{'screen_name': 'MarvelStudios', 'name': 'Marvel Studios', 'id': 750751206427860992, 'id_str': '750751206427860992', 'indices': [65, 79]}], 'urls': [{'url': 'https://t.co/4bzH6c1dij', 'expanded_url': 'https://twitter.com/i/web/status/1361767306670530561', 'display_url': 'twitter.com/i/web/status/1‚Ä¶', 'indices': [117, 140]}]}"
2021-02-16 16:16:26+00:00,"In the mood for food! Dig into the latest episode of What‚Äôs Up, Disney+ with a WandaVision-inspired decades dessert‚Ä¶ https://t.co/i2QlZ2CTwj","{'hashtags': [], 'symbols': [], 'user_mentions': [], 'urls': [{'url': 'https://t.co/i2QlZ2CTwj', 'expanded_url': 'https://twitter.com/i/web/status/1361711042120667138', 'display_url': 'twitter.com/i/web/status/1‚Ä¶', 'indices': [117, 140]}]}"
2021-02-16 14:01:00+00:00,".@MarvelStudios' ASSEMBLED, a new documentary series of specials, goes behind the scenes of the series and movies o‚Ä¶ https://t.co/re6Fwpk5yR","{'hashtags': [], 'symbols': [], 'user_mentions': [{'screen_name': 'MarvelStudios', 'name': 'Marvel Studios', 'id': 750751206427860992, 'id_str': '750751206427860992', 'indices': [1, 15]}], 'urls': [{'url': 'https://t.co/re6Fwpk5yR', 'expanded_url': 'https://twitter.com/i/web/status/1361676957369311235', 'display_url': 'twitter.com/i/web/status/1‚Ä¶', 'indices': [117, 140]}]}"
2021-02-15 18:48:49+00:00,Episode 7Ô∏è‚É£ this Friday‚ÄºÔ∏è #WandaVision,"{'hashtags': [{'text': 'WandaVision', 'indices': [26, 38]}], 'symbols': [], 'user_mentions': [], 'urls': []}"
2021-02-15 18:48:21+00:00,This new tech is visionary üëìüì∫ The sixth episode of @MarvelStudios' #WandaVision is now streaming on #DisneyPlus. https://t.co/M0YlqkqZF1,"{'hashtags': [{'text': 'WandaVision', 'indices': [67, 79]}, {'text': 'DisneyPlus', 'indices': [100, 111]}], 'symbols': [], 'user_mentions': [{'screen_name': 'MarvelStudios', 'name': 'Marvel Studios', 'id': 750751206427860992, 'id_str': '750751206427860992', 'indices': [51, 65]}], 'urls': [], 'media': [{'id': 1361386879698890752, 'id_str': '1361386879698890752', 'indices': [113, 136], 'media_url': 'http://pbs.twimg.com/media/EuSeJ3ZUcAAQkAT.jpg', 'media_url_https': 'https://pbs.twimg.com/media/EuSeJ3ZUcAAQkAT.jpg', 'url': 'https://t.co/M0YlqkqZF1', 'display_url': 'pic.twitter.com/M0YlqkqZF1', 'expanded_url': 'https://twitter.com/disneyplus/status/1361386885428350976/photo/1', 'type': 'photo', 'sizes': {'thumb': {'w': 150, 'h': 150, 'resize': 'crop'}, 'small': {'w': 544, 'h': 680, 'resize': 'fit'}, 'medium': {'w': 960, 'h': 1200, 'resize': 'fit'}, 'large': {'w': 1080, 'h': 1350, 'resize': 'fit'}}}]}"
2021-02-14 19:42:00+00:00,"We Wanda share some #ValentinesDay love with you üíù 

@MarvelStudios' #WandaVision is now streaming on #DisneyPlus.‚Ä¶ https://t.co/wOLDWMADrS","{'hashtags': [{'text': 'ValentinesDay', 'indices': [20, 34]}, {'text': 'WandaVision', 'indices': [69, 81]}, {'text': 'DisneyPlus', 'indices': [102, 113]}], 'symbols': [], 'user_mentions': [{'screen_name': 'MarvelStudios', 'name': 'Marvel Studios', 'id': 750751206427860992, 'id_str': '750751206427860992', 'indices': [53, 67]}], 'urls': [{'url': 'https://t.co/wOLDWMADrS', 'expanded_url': 'https://twitter.com/i/web/status/1361038000466006019', 'display_url': 'twitter.com/i/web/status/1‚Ä¶', 'indices': [116, 139]}]}"
2021-02-14 19:41:59+00:00,"We Wanda share some #ValentinesDay love with you üíù 

@MarvelStudios' #WandaVision is now streaming on #DisneyPlus.‚Ä¶ https://t.co/are33z88do","{'hashtags': [{'text': 'ValentinesDay', 'indices': [20, 34]}, {'text': 'WandaVision', 'indices': [69, 81]}, {'text': 'DisneyPlus', 'indices': [102, 113]}], 'symbols': [], 'user_mentions': [{'screen_name': 'MarvelStudios', 'name': 'Marvel Studios', 'id': 750751206427860992, 'id_str': '750751206427860992', 'indices': [53, 67]}], 'urls': [{'url': 'https://t.co/are33z88do', 'expanded_url': 'https://twitter.com/i/web/status/1361037993306247168', 'display_url': 'twitter.com/i/web/status/1‚Ä¶', 'indices': [116, 139]}]}"
2021-02-14 18:16:43+00:00,All of these favorites and more are streaming on #DisneyPlus‚ù£Ô∏è,"{'hashtags': [{'text': 'DisneyPlus', 'indices': [49, 60]}], 'symbols': [], 'user_mentions': [], 'urls': []}"
2021-02-14 18:16:43+00:00,What our favorite #ValentinesDay heart candies should really say‚ù£Ô∏è (5/5) https://t.co/0aL7QTvPzq,"{'hashtags': [{'text': 'ValentinesDay', 'indices': [18, 32]}], 'symbols': [], 'user_mentions': [], 'urls': [], 'media': [{'id': 1361016330904764416, 'id_str': '1361016330904764416', 'indices': [73, 96], 'media_url': 'http://pbs.twimg.com/media/EuNNJFkVgAA0tMU.jpg', 'media_url_https': 'https://pbs.twimg.com/media/EuNNJFkVgAA0tMU.jpg', 'url': 'https://t.co/0aL7QTvPzq', 'display_url': 'pic.twitter.com/0aL7QTvPzq', 'expanded_url': 'https://twitter.com/disneyplus/status/1361016537100865536/photo/1', 'type': 'photo', 'sizes': {'medium': {'w': 1200, 'h': 960, 'resize': 'fit'}, 'thumb': {'w': 150, 'h': 150, 'resize': 'crop'}, 'small': {'w': 680, 'h': 544, 'resize': 'fit'}, 'large': {'w': 1500, 'h': 1200, 'resize': 'fit'}}}]}"
2021-02-14 18:16:42+00:00,What our favorite #ValentinesDay heart candies should really say‚ù£Ô∏è (4/5) https://t.co/6yDU6Ozi8y,"{'hashtags': [{'text': 'ValentinesDay', 'indices': [18, 32]}], 'symbols': [], 'user_mentions': [], 'urls': [], 'media': [{'id': 1361016223417307139, 'id_str': '1361016223417307139', 'indices': [73, 96], 'media_url': 'http://pbs.twimg.com/media/EuNNC1JVEAMUv8b.jpg', 'media_url_https': 'https://pbs.twimg.com/media/EuNNC1JVEAMUv8b.jpg', 'url': 'https://t.co/6yDU6Ozi8y', 'display_url': 'pic.twitter.com/6yDU6Ozi8y', 'expanded_url': 'https://twitter.com/disneyplus/status/1361016531182739459/photo/1', 'type': 'photo', 'sizes': {'thumb': {'w': 150, 'h': 150, 'resize': 'crop'}, 'large': {'w': 1500, 'h': 1200, 'resize': 'fit'}, 'small': {'w': 680, 'h': 544, 'resize': 'fit'}, 'medium': {'w': 1200, 'h': 960, 'resize': 'fit'}}}]}"
2021-02-14 18:16:40+00:00,What our favorite #ValentinesDay heart candies should really say‚ù£Ô∏è (3/5) https://t.co/doTfJwfLlu,"{'hashtags': [{'text': 'ValentinesDay', 'indices': [18, 32]}], 'symbols': [], 'user_mentions': [], 'urls': [], 'media': [{'id': 1361016115158151173, 'id_str': '1361016115158151173', 'indices': [73, 96], 'media_url': 'http://pbs.twimg.com/media/EuNM8h2VcAUnRpD.jpg', 'media_url_https': 'https://pbs.twimg.com/media/EuNM8h2VcAUnRpD.jpg', 'url': 'https://t.co/doTfJwfLlu', 'display_url': 'pic.twitter.com/doTfJwfLlu', 'expanded_url': 'https://twitter.com/disneyplus/status/1361016524295737346/photo/1', 'type': 'photo', 'sizes': {'thumb': {'w': 150, 'h': 150, 'resize': 'crop'}, 'small': {'w': 680, 'h': 544, 'resize': 'fit'}, 'large': {'w': 1500, 'h': 1200, 'resize': 'fit'}, 'medium': {'w': 1200, 'h': 960, 'resize': 'fit'}}}]}"
2021-02-14 18:16:38+00:00,What our favorite #ValentinesDay heart candies should really say‚ù£Ô∏è (2/5) https://t.co/oQjKQcCTDy,"{'hashtags': [{'text': 'ValentinesDay', 'indices': [18, 32]}], 'symbols': [], 'user_mentions': [], 'urls': [], 'media': [{'id': 1361016001161125891, 'id_str': '1361016001161125891', 'indices': [73, 96], 'media_url': 'http://pbs.twimg.com/media/EuNM15LU4AMdk7J.jpg', 'media_url_https': 'https://pbs.twimg.com/media/EuNM15LU4AMdk7J.jpg', 'url': 'https://t.co/oQjKQcCTDy', 'display_url': 'pic.twitter.com/oQjKQcCTDy', 'expanded_url': 'https://twitter.com/disneyplus/status/1361016517752668162/photo/1', 'type': 'photo', 'sizes': {'thumb': {'w': 150, 'h': 150, 'resize': 'crop'}, 'small': {'w': 680, 'h': 544, 'resize': 'fit'}, 'large': {'w': 1500, 'h': 1200, 'resize': 'fit'}, 'medium': {'w': 1200, 'h': 960, 'resize': 'fit'}}}]}"
2021-02-14 18:16:37+00:00,What our favorite #ValentinesDay heart candies should really say‚ù£Ô∏è (1/5) https://t.co/WEvj5lrhR6,"{'hashtags': [{'text': 'ValentinesDay', 'indices': [18, 32]}], 'symbols': [], 'user_mentions': [], 'urls': [], 'media': [{'id': 1361015839823044610, 'id_str': '1361015839823044610', 'indices': [73, 96], 'media_url': 'http://pbs.twimg.com/media/EuNMsgJVIAI3MNw.jpg', 'media_url_https': 'https://pbs.twimg.com/media/EuNMsgJVIAI3MNw.jpg', 'url': 'https://t.co/WEvj5lrhR6', 'display_url': 'pic.twitter.com/WEvj5lrhR6', 'expanded_url': 'https://twitter.com/disneyplus/status/1361016511188459520/photo/1', 'type': 'photo', 'sizes': {'thumb': {'w': 150, 'h': 150, 'resize': 'crop'}, 'medium': {'w': 1200, 'h': 960, 'resize': 'fit'}, 'small': {'w': 680, 'h': 544, 'resize': 'fit'}, 'large': {'w': 1500, 'h': 1200, 'resize': 'fit'}}}]}"
2021-02-14 01:24:36+00:00,It's a Halloween Spooktacular üéÉ The sixth episode of @MarvelStudios' #WandaVision is now streaming on #DisneyPlus. https://t.co/JmEW5exdEo,"{'hashtags': [{'text': 'WandaVision', 'indices': [69, 81]}, {'text': 'DisneyPlus', 'indices': [102, 113]}], 'symbols': [], 'user_mentions': [{'screen_name': 'MarvelStudios', 'name': 'Marvel Studios', 'id': 750751206427860992, 'id_str': '750751206427860992', 'indices': [53, 67]}], 'urls': [], 'media': [{'id': 1360761814305267718, 'id_str': '1360761814305267718', 'indices': [115, 138], 'media_url': 'http://pbs.twimg.com/media/EuJlqRWU4AYpMdk.jpg', 'media_url_https': 'https://pbs.twimg.com/media/EuJlqRWU4AYpMdk.jpg', 'url': 'https://t.co/JmEW5exdEo', 'display_url': 'pic.twitter.com/JmEW5exdEo', 'expanded_url': 'https://twitter.com/disneyplus/status/1360761828037435393/photo/1', 'type': 'photo', 'sizes': {'thumb': {'w': 150, 'h': 150, 'resize': 'crop'}, 'large': {'w': 1920, 'h': 1080, 'resize': 'fit'}, 'small': {'w': 680, 'h': 383, 'resize': 'fit'}, 'medium': {'w': 1200, 'h': 675, 'resize': 'fit'}}}]}"
2021-02-13 20:47:05+00:00,üé®: Shont√© Young Williams (8/8) https://t.co/HL6Pfbh4ZW,"{'hashtags': [], 'symbols': [], 'user_mentions': [], 'urls': [], 'media': [{'id': 1360691984248176642, 'id_str': '1360691984248176642', 'indices': [31, 54], 'media_url': 'http://pbs.twimg.com/media/EuImJoHVgAIROmN.jpg', 'media_url_https': 'https://pbs.twimg.com/media/EuImJoHVgAIROmN.jpg', 'url': 'https://t.co/HL6Pfbh4ZW', 'display_url': 'pic.twitter.com/HL6Pfbh4ZW', 'expanded_url': 'https://twitter.com/disneyplus/status/1360691988916408320/photo/1', 'type': 'photo', 'sizes': {'thumb': {'w': 150, 'h': 150, 'resize': 'crop'}, 'small': {'w': 544, 'h': 680, 'resize': 'fit'}, 'large': {'w': 1200, 'h': 1500, 'resize': 'fit'}, 'medium': {'w': 960, 'h': 1200, 'resize': 'fit'}}}]}"
2021-02-13 20:47:03+00:00,üé®: Stormy Mae Nesbit (7/8) https://t.co/AGvugARPjU,"{'hashtags': [], 'symbols': [], 'user_mentions': [], 'urls': [], 'media': [{'id': 1360691977981861888, 'id_str': '1360691977981861888', 'indices': [27, 50], 'media_url': 'http://pbs.twimg.com/media/EuImJQxVIAAwqdS.jpg', 'media_url_https': 'https://pbs.twimg.com/media/EuImJQxVIAAwqdS.jpg', 'url': 'https://t.co/AGvugARPjU', 'display_url': 'pic.twitter.com/AGvugARPjU', 'expanded_url': 'https://twitter.com/disneyplus/status/1360691982117425152/photo/1', 'type': 'photo', 'sizes': {'small': {'w': 544, 'h': 680, 'resize': 'fit'}, 'thumb': {'w': 150, 'h': 150, 'resize': 'crop'}, 'large': {'w': 1639, 'h': 2048, 'resize': 'fit'}, 'medium': {'w': 960, 'h': 1200, 'resize': 'fit'}}}]}"
2021-02-13 20:47:02+00:00,üé®: MaryCreaArt (6/8) https://t.co/kXJAQIjzN2,"{'hashtags': [], 'symbols': [], 'user_mentions': [], 'urls': [], 'media': [{'id': 1360691972290224128, 'id_str': '1360691972290224128', 'indices': [21, 44], 'media_url': 'http://pbs.twimg.com/media/EuImI7kVoAA5Exg.jpg', 'media_url_https': 'https://pbs.twimg.com/media/EuImI7kVoAA5Exg.jpg', 'url': 'https://t.co/kXJAQIjzN2', 'display_url': 'pic.twitter.com/kXJAQIjzN2', 'expanded_url': 'https://twitter.com/disneyplus/status/1360691975523995648/photo/1', 'type': 'photo', 'sizes': {'small': {'w': 544, 'h': 680, 'resize': 'fit'}, 'large': {'w': 1200, 'h': 1500, 'resize': 'fit'}, 'thumb': {'w': 150, 'h': 150, 'resize': 'crop'}, 'medium': {'w': 960, 'h': 1200, 'resize': 'fit'}}}]}"
2021-02-13 20:47:00+00:00,üé®: Laylie Frazier (5/8) https://t.co/qw63X9LgWR,"{'hashtags': [], 'symbols': [], 'user_mentions': [], 'urls': [], 'media': [{'id': 1360691965168259072, 'id_str': '1360691965168259072', 'indices': [24, 47], 'media_url': 'http://pbs.twimg.com/media/EuImIhCVEAAuxJa.jpg', 'media_url_https': 'https://pbs.twimg.com/media/EuImIhCVEAAuxJa.jpg', 'url': 'https://t.co/qw63X9LgWR', 'display_url': 'pic.twitter.com/qw63X9LgWR', 'expanded_url': 'https://twitter.com/disneyplus/status/1360691970079821824/photo/1', 'type': 'photo', 'sizes': {'thumb': {'w': 150, 'h': 150, 'resize': 'crop'}, 'medium': {'w': 960, 'h': 1200, 'resize': 'fit'}, 'large': {'w': 1200, 'h': 1500, 'resize': 'fit'}, 'small': {'w': 544, 'h': 680, 'resize': 'fit'}}}]}"
2021-02-13 20:46:58+00:00,üé®: Shae Anthony (4/8) https://t.co/tvgXohxM7k,"{'hashtags': [], 'symbols': [], 'user_mentions': [], 'urls': [], 'media': [{'id': 1360691955588497408, 'id_str': '1360691955588497408', 'indices': [22, 45], 'media_url': 'http://pbs.twimg.com/media/EuImH9WVgAAX9ki.jpg', 'media_url_https': 'https://pbs.twimg.com/media/EuImH9WVgAAX9ki.jpg', 'url': 'https://t.co/tvgXohxM7k', 'display_url': 'pic.twitter.com/tvgXohxM7k', 'expanded_url': 'https://twitter.com/disneyplus/status/1360691960944680960/photo/1', 'type': 'photo', 'sizes': {'thumb': {'w': 150, 'h': 150, 'resize': 'crop'}, 'large': {'w': 1638, 'h': 2048, 'resize': 'fit'}, 'small': {'w': 544, 'h': 680, 'resize': 'fit'}, 'medium': {'w': 960, 'h': 1200, 'resize': 'fit'}}}]}"
2021-02-13 20:46:56+00:00,üé®: Colored Afros Art (3/8) https://t.co/UdgY8xp8Gj,"{'hashtags': [], 'symbols': [], 'user_mentions': [], 'urls': [], 'media': [{'id': 1360691947405336580, 'id_str': '1360691947405336580', 'indices': [27, 50], 'media_url': 'http://pbs.twimg.com/media/EuImHe3UYAQ9uKB.jpg', 'media_url_https': 'https://pbs.twimg.com/media/EuImHe3UYAQ9uKB.jpg', 'url': 'https://t.co/UdgY8xp8Gj', 'display_url': 'pic.twitter.com/UdgY8xp8Gj', 'expanded_url': 'https://twitter.com/disneyplus/status/1360691951633199104/photo/1', 'type': 'photo', 'sizes': {'thumb': {'w': 150, 'h': 150, 'resize': 'crop'}, 'small': {'w': 544, 'h': 680, 'resize': 'fit'}, 'large': {'w': 1638, 'h': 2048, 'resize': 'fit'}, 'medium': {'w': 960, 'h': 1200, 'resize': 'fit'}}}]}"
2021-02-13 20:46:54+00:00,"üé®: Ashley Price ‚ÄúPinkLoMein"" (2/8) https://t.co/Ydn2PYgA2X","{'hashtags': [], 'symbols': [], 'user_mentions': [], 'urls': [], 'media': [{'id': 1360691940073775104, 'id_str': '1360691940073775104', 'indices': [35, 58], 'media_url': 'http://pbs.twimg.com/media/EuImHDjVoAA_XDQ.jpg', 'media_url_https': 'https://pbs.twimg.com/media/EuImHDjVoAA_XDQ.jpg', 'url': 'https://t.co/Ydn2PYgA2X', 'display_url': 'pic.twitter.com/Ydn2PYgA2X', 'expanded_url': 'https://twitter.com/disneyplus/status/1360691944532238339/photo/1', 'type': 'photo', 'sizes': {'thumb': {'w': 150, 'h': 150, 'resize': 'crop'}, 'small': {'w': 544, 'h': 680, 'resize': 'fit'}, 'large': {'w': 1440, 'h': 1800, 'resize': 'fit'}, 'medium': {'w': 960, 'h': 1200, 'resize': 'fit'}}}]}"
2021-02-13 20:46:53+00:00,These artists are impossibly talented. ü§© Check out some stunning works inspired by Rodgers and Hammerstein‚Äôs Cinder‚Ä¶ https://t.co/eL2sEKP609,"{'hashtags': [], 'symbols': [], 'user_mentions': [], 'urls': [{'url': 'https://t.co/eL2sEKP609', 'expanded_url': 'https://twitter.com/i/web/status/1360691938068893698', 'display_url': 'twitter.com/i/web/status/1‚Ä¶', 'indices': [117, 140]}]}"
2021-02-13 16:29:15+00:00,"Our #GalentinesDay watchlist is here! Tag a gal pal¬†and get streaming on #DisneyPlus:¬†

üöÄ Hidden Figures
üëë The Prin‚Ä¶ https://t.co/5IyqiOrvsx","{'hashtags': [{'text': 'GalentinesDay', 'indices': [4, 18]}, {'text': 'DisneyPlus', 'indices': [73, 84]}], 'symbols': [], 'user_mentions': [], 'urls': [{'url': 'https://t.co/5IyqiOrvsx', 'expanded_url': 'https://twitter.com/i/web/status/1360627105353011202', 'display_url': 'twitter.com/i/web/status/1‚Ä¶', 'indices': [117, 140]}]}"
2021-02-13 01:19:48+00:00,"Forever royalty üíôü§ç‚†Ä
‚†Ä
Rodgers and Hammerstein‚Äôs Cinderella is now streaming on #DisneyPlus! #Cinderella1997 https://t.co/QpWEcbllDE","{'hashtags': [{'text': 'DisneyPlus', 'indices': [79, 90]}, {'text': 'Cinderella1997', 'indices': [92, 107]}], 'symbols': [], 'user_mentions': [], 'urls': [], 'media': [{'id': 1360398094924320770, 'id_str': '1360398094924320770', 'indices': [108, 131], 'media_url': 'http://pbs.twimg.com/media/EuEa3BEVEAIEjyM.jpg', 'media_url_https': 'https://pbs.twimg.com/media/EuEa3BEVEAIEjyM.jpg', 'url': 'https://t.co/QpWEcbllDE', 'display_url': 'pic.twitter.com/QpWEcbllDE', 'expanded_url': 'https://twitter.com/disneyplus/status/1360398234447843332/photo/1', 'type': 'photo', 'sizes': {'thumb': {'w': 150, 'h': 150, 'resize': 'crop'}, 'small': {'w': 544, 'h': 680, 'resize': 'fit'}, 'medium': {'w': 960, 'h': 1200, 'resize': 'fit'}, 'large': {'w': 1080, 'h': 1350, 'resize': 'fit'}}}]}"
2021-02-12 21:14:06+00:00,"One week, one mission, one squirrel. Disney's #FloraAndUlysses is streaming February 19, only on #DisneyPlus üêø ‚ö° üí• https://t.co/80QrgMy2yP","{'hashtags': [{'text': 'FloraAndUlysses', 'indices': [46, 62]}, {'text': 'DisneyPlus', 'indices': [97, 108]}], 'symbols': [], 'user_mentions': [], 'urls': [], 'media': [{'id': 1358935718693720064, 'id_str': '1358935718693720064', 'indices': [115, 138], 'media_url': 'http://pbs.twimg.com/media/EtvtksPUUAEpsdY.jpg', 'media_url_https': 'https://pbs.twimg.com/media/EtvtksPUUAEpsdY.jpg', 'url': 'https://t.co/80QrgMy2yP', 'display_url': 'pic.twitter.com/80QrgMy2yP', 'expanded_url': 'https://twitter.com/disneyplus/status/1360336400478965764/video/1', 'type': 'photo', 'sizes': {'thumb': {'w': 150, 'h': 150, 'resize': 'crop'}, 'small': {'w': 680, 'h': 678, 'resize': 'fit'}, 'medium': {'w': 1200, 'h': 1197, 'resize': 'fit'}, 'large': {'w': 1658, 'h': 1654, 'resize': 'fit'}}, 'source_user_id': 36947388, 'source_user_id_str': '36947388'}]}"
2021-02-12 17:00:00+00:00,The cast of Rodgers and Hammerstein‚Äôs Cinderella is welcoming you to the ball. Start streaming the 1997 musical cla‚Ä¶ https://t.co/iSLyHkyFp6,"{'hashtags': [], 'symbols': [], 'user_mentions': [], 'urls': [{'url': 'https://t.co/iSLyHkyFp6', 'expanded_url': 'https://twitter.com/i/web/status/1360272456511021056', 'display_url': 'twitter.com/i/web/status/1‚Ä¶', 'indices': [117, 140]}]}"
2021-02-12 15:00:02+00:00,"Don't miss the must-see sixth episode of @MarvelStudios' #WandaVision, now streaming on #DisneyPlus. https://t.co/6l2dudYaBF","{'hashtags': [{'text': 'WandaVision', 'indices': [57, 69]}, {'text': 'DisneyPlus', 'indices': [88, 99]}], 'symbols': [], 'user_mentions': [{'screen_name': 'MarvelStudios', 'name': 'Marvel Studios', 'id': 750751206427860992, 'id_str': '750751206427860992', 'indices': [41, 55]}], 'urls': [], 'media': [{'id': 1360033336995966976, 'id_str': '1360033336995966976', 'indices': [101, 124], 'media_url': 'http://pbs.twimg.com/media/Et_Q-t7UYAERmra.png', 'media_url_https': 'https://pbs.twimg.com/media/Et_Q-t7UYAERmra.png', 'url': 'https://t.co/6l2dudYaBF', 'display_url': 'pic.twitter.com/6l2dudYaBF', 'expanded_url': 'https://twitter.com/disneyplus/status/1360242263926792196/video/1', 'type': 'photo', 'sizes': {'small': {'w': 600, 'h': 600, 'resize': 'fit'}, 'large': {'w': 600, 'h': 600, 'resize': 'fit'}, 'medium': {'w': 600, 'h': 600, 'resize': 'fit'}, 'thumb': {'w': 150, 'h': 150, 'resize': 'crop'}}, 'source_user_id': 1162472272214581250, 'source_user_id_str': '1162472272214581250'}]}"
2021-02-12 14:00:03+00:00,"It‚Äôs possible... we won‚Äôt be leaving our couch this weekend. ‚ú®üõã Rodgers &amp; Hammerstein‚Äôs Cinderella, episode 6 of‚Ä¶ https://t.co/WyT2kgCior","{'hashtags': [], 'symbols': [], 'user_mentions': [], 'urls': [{'url': 'https://t.co/WyT2kgCior', 'expanded_url': 'https://twitter.com/i/web/status/1360227170547867656', 'display_url': 'twitter.com/i/web/status/1‚Ä¶', 'indices': [118, 141]}]}"
2021-02-11 21:20:38+00:00,"We‚Äôre counting down to midnight üïõ Are you?! Tomorrow, Rodgers and Hammerstein‚Äôs Cinderella arrives to #DisneyPlus!‚Ä¶ https://t.co/41bVJ8wM5U","{'hashtags': [{'text': 'DisneyPlus', 'indices': [102, 113]}], 'symbols': [], 'user_mentions': [], 'urls': [{'url': 'https://t.co/41bVJ8wM5U', 'expanded_url': 'https://twitter.com/i/web/status/1359975656772096001', 'display_url': 'twitter.com/i/web/status/1‚Ä¶', 'indices': [116, 139]}]}"
2021-02-11 19:21:19+00:00,@andrewbfeldman ü§©ü§©,"{'hashtags': [], 'symbols': [], 'user_mentions': [{'screen_name': 'andrewbfeldman', 'name': 'Andrew Barth Feldman', 'id': 2696077936, 'id_str': '2696077936', 'indices': [0, 15]}], 'urls': []}"
2021-02-11 18:59:10+00:00,@billboard üëèüëèüëè,"{'hashtags': [], 'symbols': [], 'user_mentions': [{'screen_name': 'billboard', 'name': 'billboard', 'id': 9695312, 'id_str': '9695312', 'indices': [0, 10]}], 'urls': []}"
2021-02-11 16:52:48+00:00,@decider Considered us ‚ú®inspired‚ú®,"{'hashtags': [], 'symbols': [], 'user_mentions': [{'screen_name': 'decider', 'name': 'Decider', 'id': 2479845637, 'id_str': '2479845637', 'indices': [0, 8]}], 'urls': []}"
2021-02-11 16:20:20+00:00,@EW @RHCinderella @4everBrandy @WhoopiGoldberg @OfficialBPeters @JasonAlexander We're ready for midnight! #Cinderella1997,"{'hashtags': [{'text': 'Cinderella1997', 'indices': [106, 121]}], 'symbols': [], 'user_mentions': [{'screen_name': 'EW', 'name': 'Entertainment Weekly', 'id': 16312576, 'id_str': '16312576', 'indices': [0, 3]}, {'screen_name': 'RHCinderella', 'name': ""Rodgers & Hammerstein's CINDERELLA"", 'id': 309930569, 'id_str': '309930569', 'indices': [4, 17]}, {'screen_name': '4everBrandy', 'name': 'b r a n d y', 'id': 27406401, 'id_str': '27406401', 'indices': [18, 30]}, {'screen_name': 'WhoopiGoldberg', 'name': 'Whoopi Goldberg', 'id': 284602545, 'id_str': '284602545', 'indices': [31, 46]}, {'screen_name': 'OfficialBPeters', 'name': 'Bernadette Peters', 'id': 190371305, 'id_str': '190371305', 'indices': [47, 63]}, {'screen_name': 'JasonAlexander', 'name': 'Jason Alexander', 'id': 9068432, 'id_str': '9068432', 'indices': [64, 79]}], 'urls': []}"
2021-02-11 14:00:02+00:00,Stay tuned to @MarvelStudios' #WandaVision üì∫ Catch up on the first five episodes before a new episode starts stream‚Ä¶ https://t.co/1cT8SThgEi,"{'hashtags': [{'text': 'WandaVision', 'indices': [30, 42]}], 'symbols': [], 'user_mentions': [{'screen_name': 'MarvelStudios', 'name': 'Marvel Studios', 'id': 750751206427860992, 'id_str': '750751206427860992', 'indices': [14, 28]}], 'urls': [{'url': 'https://t.co/1cT8SThgEi', 'expanded_url': 'https://twitter.com/i/web/status/1359864776726253576', 'display_url': 'twitter.com/i/web/status/1‚Ä¶', 'indices': [117, 140]}]}"
2021-02-10 19:00:02+00:00,#HSMTMTS Season 1 finale still living in your head rent free? üí≠ You better take this video call to uncover the tea‚Ä¶ https://t.co/72hIBFo0L5,"{'hashtags': [{'text': 'HSMTMTS', 'indices': [0, 8]}], 'symbols': [], 'user_mentions': [], 'urls': [{'url': 'https://t.co/72hIBFo0L5', 'expanded_url': 'https://twitter.com/i/web/status/1359577885753761792', 'display_url': 'twitter.com/i/web/status/1‚Ä¶', 'indices': [116, 139]}]}"
2021-02-10 18:59:46+00:00,@Marvel üôåüôåüôå,"{'hashtags': [], 'symbols': [], 'user_mentions': [{'screen_name': 'Marvel', 'name': 'Marvel Entertainment', 'id': 15687962, 'id_str': '15687962', 'indices': [0, 7]}], 'urls': []}"
2021-02-10 17:02:37+00:00,"Rodgers and Hammerstein's Cinderella is streaming this Friday, February 12. #Cinderella1997","{'hashtags': [{'text': 'Cinderella1997', 'indices': [76, 91]}], 'symbols': [], 'user_mentions': [], 'urls': []}"
2021-02-10 17:00:02+00:00,We love love. Who are your favorite #DisneyPlus couples and ships this #ValentinesDay season? https://t.co/ZMnDZSHxGt,"{'hashtags': [{'text': 'DisneyPlus', 'indices': [36, 47]}, {'text': 'ValentinesDay', 'indices': [71, 85]}], 'symbols': [], 'user_mentions': [], 'urls': [], 'media': [{'id': 1359539634515021826, 'id_str': '1359539634515021826', 'indices': [94, 117], 'media_url': 'http://pbs.twimg.com/media/Et4PGouUUAAK_Bl.jpg', 'media_url_https': 'https://pbs.twimg.com/media/Et4PGouUUAAK_Bl.jpg', 'url': 'https://t.co/ZMnDZSHxGt', 'display_url': 'pic.twitter.com/ZMnDZSHxGt', 'expanded_url': 'https://twitter.com/disneyplus/status/1359547688497332226/video/1', 'type': 'photo', 'sizes': {'thumb': {'w': 150, 'h': 150, 'resize': 'crop'}, 'medium': {'w': 1196, 'h': 1200, 'resize': 'fit'}, 'large': {'w': 1854, 'h': 1860, 'resize': 'fit'}, 'small': {'w': 678, 'h': 680, 'resize': 'fit'}}}]}"
2021-02-10 00:00:09+00:00,Special message from Brandy! üíô this tweet to be reminded when Rodgers and Hammerstein‚Äôs Cinderella makes its royal‚Ä¶ https://t.co/r9ANRLrdjY,"{'hashtags': [], 'symbols': [], 'user_mentions': [], 'urls': [{'url': 'https://t.co/r9ANRLrdjY', 'expanded_url': 'https://twitter.com/i/web/status/1359291024192008193', 'display_url': 'twitter.com/i/web/status/1‚Ä¶', 'indices': [116, 139]}]}"
2021-02-09 21:08:33+00:00,Raya is Kumandra‚Äôs last hope to unite its kingdoms. Order Disney‚Äôs Raya and the Last Dragon on #DisneyPlus with Pre‚Ä¶ https://t.co/vQfukfEkhd,"{'hashtags': [{'text': 'DisneyPlus', 'indices': [95, 106]}], 'symbols': [], 'user_mentions': [], 'urls': [{'url': 'https://t.co/vQfukfEkhd', 'expanded_url': 'https://twitter.com/i/web/status/1359247839918923778', 'display_url': 'twitter.com/i/web/status/1‚Ä¶', 'indices': [117, 140]}]}"
