Source,Target
iQIYIOfficial,kikujufanclub
iQIYIOfficial,wangyibo_bar
iQIYIOfficial,luking0420
iQIYIOfficial,XingPark
iQIYIOfficial,huyitian_intl
iQIYIOfficial,darrenchenHQ
iQIYIOfficial,KUN_Fanclub
iQIYIOfficial,qingchunyouni_
iQIYIOfficial,kikoxxx
iQIYIOfficial,angelababyct
iQIYIOfficial,KrisWu
iQIYIOfficial,Baidu_Inc
iQIYIOfficial,Nasdaq
iQIYIOfficial,vipandbbc
iQIYIOfficial,CCTV
iQIYIOfficial,idol2018_qiyi
iQIYIOfficial,TimmyXu_Studio
iQIYIOfficial,Williamchanfans
iQIYIOfficial,LuhanBar_China
joy2002__,qingchunyouni_
FlorimelQuejada,qingchunyouni_
Max89413573,qingchunyouni_
PyaePhy81658682,qingchunyouni_
ann_hawile,KUN_Fanclub
ann_hawile,qingchunyouni_
itssopheakphin,luking0420
itssopheakphin,KrisWu
itssopheakphin,LuhanBar_China
fcllinyu,qingchunyouni_
fcllinyu,KrisWu
ThiffaThiffa,qingchunyouni_
miguel688429497,qingchunyouni_
kayan272,KrisWu
LuhanMexico,luking0420
LuhanMexico,LuhanBar_China
Besokus81879579,qingchunyouni_
Besokus81879579,CCTV
HongHo71222634,qingchunyouni_
yosita_phala,qingchunyouni_
NPratanee,qingchunyouni_
khsy0905,qingchunyouni_
y_michelle0915,KrisWu
MartinChina1949,Baidu_Inc
MartinChina1949,CCTV
mrmanmax01,KrisWu
EmmaLodigiani,kikujufanclub
Rosie22021539,wangyibo_bar
Nrgiz93,KrisWu
luvlyjuyeon,qingchunyouni_
MontoyAlicia,KrisWu
MontoyAlicia,CCTV
Khairun59597281,qingchunyouni_
C_Miidzzy,idol2018_qiyi
dari_van,qingchunyouni_
mookmik1986,TimmyXu_Studio
Emily84567892,qingchunyouni_
callr1ent,huyitian_intl
XiaoFu69291638,wangyibo_bar
Lifegoe57253937,qingchunyouni_
Lucy44967947,darrenchenHQ
b1iPyYCJllHln2o,qingchunyouni_
ThananyaThongt1,qingchunyouni_
fadliibrahim69,qingchunyouni_
nguyenhuyen0397,qingchunyouni_
KristalyneM,qingchunyouni_
JamesMorica,qingchunyouni_
213Pijey,qingchunyouni_
SineSin28478410,qingchunyouni_
Lalalalilylili,qingchunyouni_
rurumikochan,qingchunyouni_
YanaRodriguez13,qingchunyouni_
tm_pziwm,qingchunyouni_
TonyYu2108,qingchunyouni_
heoduong1,qingchunyouni_
youngmoney288,qingchunyouni_
mind_boggle1729,KrisWu
mind_boggle1729,Nasdaq
yingploymylife,qingchunyouni_
dorothy_janna,qingchunyouni_
Bolor33737069,KrisWu
Kartika47373597,qingchunyouni_
itsssssmind,qingchunyouni_
ThetOoK72898541,qingchunyouni_
jeonwonuuu17,qingchunyouni_
pl_cyan,qingchunyouni_
raisindetre_,qingchunyouni_
drdreamcatcher,XingPark
drdreamcatcher,qingchunyouni_
drdreamcatcher,kikoxxx
mnbncy,qingchunyouni_
debeauyeauxae,qingchunyouni_
emfkakqueen,wangyibo_bar
LalisaTee,KUN_Fanclub
LalisaTee,qingchunyouni_
KELLY33667403,huyitian_intl
yixing_saro,XingPark
heyboy_12,huyitian_intl
heyboy_12,qingchunyouni_
itsLiya_yeah,darrenchenHQ
AoiMona1,wangyibo_bar
kathy55891232,qingchunyouni_
globiubiu,qingchunyouni_
rirheyyyy,qingchunyouni_
dila1608,XingPark
dila1608,KrisWu
Blinker44203020,qingchunyouni_
StayL13147541,KrisWu
MsSadia6,qingchunyouni_
LisaaaLiLi1,qingchunyouni_
Namint21,qingchunyouni_
MamBunmak1,qingchunyouni_
LiangsenThaiFan,qingchunyouni_
BornonekissJ,huyitian_intl
YoonAmy5,wangyibo_bar
kamand07472683,XingPark
kamand07472683,KrisWu
Senorit74744479,qingchunyouni_
tjyvijZskwFjcmN,qingchunyouni_
ThanhHa75974206,qingchunyouni_
Lyn_327LM,qingchunyouni_
lipeng52,CCTV
OChantep,wangyibo_bar
may19971603,luking0420
may19971603,qingchunyouni_
NgnThan98122037,qingchunyouni_
SadPeop81575200,Baidu_Inc
SadPeop81575200,CCTV
Palm_2550,qingchunyouni_
__OtherSideM,KrisWu
__OtherSideM,idol2018_qiyi
nohnnn,KrisWu
nur99910169,qingchunyouni_
esterxss,qingchunyouni_
got764222817217,huyitian_intl
jelly_candy_171,qingchunyouni_
gungPMZ622916,huyitian_intl
gungPMZ622916,qingchunyouni_
gungPMZ622916,KrisWu
gungPMZ622916,CCTV
pu888,wangyibo_bar
pu888,qingchunyouni_
XIAOYlBO,KrisWu
_saymyname_san_,qingchunyouni_
BesttyCATV,qingchunyouni_
taeyoungdaily,qingchunyouni_
santiniviloria_,qingchunyouni_
dliuyu,qingchunyouni_
Banana62113286,qingchunyouni_
b3BTpCSBIbNeBJO,idol2018_qiyi
tony151a,qingchunyouni_
yeppp_chue_day,qingchunyouni_
EmilyWo71711565,qingchunyouni_
Jichuuwifeu,qingchunyouni_
XYZfino,CCTV
Z_ant_K,CCTV
fayu2407,CCTV
kedkaew8585,qingchunyouni_
Taki33313575,qingchunyouni_
nthu2k6,KrisWu
tranphungthu,qingchunyouni_
MarianiMohd2,qingchunyouni_
Unknown44628588,qingchunyouni_
JuthamasManoi,qingchunyouni_
Michell29087042,XingPark
Michell29087042,KrisWu
TX56KZyuXJB1OMO,wangyibo_bar
CervusNine,qingchunyouni_
youxiucp,qingchunyouni_
a_seaangel,KrisWu
Muhamma30975274,Baidu_Inc
Muhamma30975274,CCTV
ny3kin,qingchunyouni_
Isha__002,qingchunyouni_
JiminJessa,qingchunyouni_
KRatthaphon,qingchunyouni_
krspy6,qingchunyouni_
daniellabale,qingchunyouni_
Ros04064440,qingchunyouni_
KartinaTina17,qingchunyouni_
Ppatty91495655,XingPark
AryoHyeH,qingchunyouni_
damruskiratith2,qingchunyouni_
LinhV44701791,qingchunyouni_
Dng79148790,qingchunyouni_
Pang_TSFC,CCTV
vielimx,qingchunyouni_
_nAtpa997,qingchunyouni_
BxbaCooxieee,wangyibo_bar
wwxying,qingchunyouni_
TuAnh81285502,qingchunyouni_
thrneee,qingchunyouni_
JZZC99,qingchunyouni_
tlanh241,qingchunyouni_
nanta_cc,KrisWu
Pompadour_Pom,qingchunyouni_
ApelacioJezel,qingchunyouni_
ApelacioJezel,KrisWu
_meihunn,qingchunyouni_
Warsini97273442,KrisWu
Lovelynan6,qingchunyouni_
hengleepeng,qingchunyouni_
YAYER_NAKAEDOK,CCTV
NrDyana11,qingchunyouni_
JuwenM,CCTV
douglasleon_,qingchunyouni_
AhyessaBorabo,qingchunyouni_
Catashu_,qingchunyouni_
4kmblse,huyitian_intl
loststar06,wangyibo_bar
ready87654321,qingchunyouni_
wooyxnoopy,qingchunyouni_
suulalalala,KUN_Fanclub
suulalalala,qingchunyouni_
p_only21,qingchunyouni_
hzrhmsrh,qingchunyouni_
teohboonteong,Baidu_Inc
teohboonteong,CCTV
jongdaesvocal,qingchunyouni_
LyhuoHor,qingchunyouni_
abdul271170lat1,qingchunyouni_
en_wonieheartu,qingchunyouni_
SuksamerP,qingchunyouni_
Filmiyati2,wangyibo_bar
Filmiyati2,darrenchenHQ
Filmiyati2,KrisWu
Filmiyati2,idol2018_qiyi
Khat4Khant,qingchunyouni_
daecub,qingchunyouni_
gunchonn,huyitian_intl
YYureeya,KrisWu
tengalaxi,qingchunyouni_
kesu32041541,qingchunyouni_
reeeee83744983,KrisWu
reeeee83744983,Baidu_Inc
reeeee83744983,Nasdaq
reeeee83744983,CCTV
CabicoRanchel,qingchunyouni_
Cleide97137908,qingchunyouni_
Shi_YingLumYt,CCTV
boonpin19940807,angelababyct
BchTng36461036,qingchunyouni_
rmh2104,qingchunyouni_
JUSZE_,wangyibo_bar
JUSZE_,qingchunyouni_
jshblrxdlrosio,qingchunyouni_
azien__,qingchunyouni_
rach_cyt,qingchunyouni_
StalkerTheTrut1,qingchunyouni_
TEAM_YIBO,wangyibo_bar
guanhongbrasil,darrenchenHQ
LingXiangu3y5n9,kikujufanclub
Christa99424105,wangyibo_bar
Janpenkhaengra1,qingchunyouni_
LaddySom,huyitian_intl
towamie1,qingchunyouni_
ROS18113479,qingchunyouni_
Waeyahwaha,qingchunyouni_
