created_at,entities
2021-02-25 11:50:22+00:00,"{'hashtags': [], 'symbols': [], 'user_mentions': [], 'urls': [{'url': 'https://t.co/jLNnI7B8gb', 'expanded_url': 'https://twitter.com/i/web/status/1364905574043848711', 'display_url': 'twitter.com/i/web/status/1…', 'indices': [117, 140]}]}"
2021-02-25 11:24:40+00:00,"{'hashtags': [], 'symbols': [], 'user_mentions': [], 'urls': [{'url': 'https://t.co/7XbKTP9JrW', 'expanded_url': 'https://twitter.com/i/web/status/1364899107509207041', 'display_url': 'twitter.com/i/web/status/1…', 'indices': [112, 135]}]}"
2021-02-25 11:03:36+00:00,"{'hashtags': [{'text': '青春有你3', 'indices': [16, 22]}, {'text': '爱奇艺', 'indices': [33, 37]}, {'text': '我的时代你的时代', 'indices': [38, 47]}, {'text': '胡一天', 'indices': [48, 52]}, {'text': '王安宇', 'indices': [53, 57]}, {'text': '李明德', 'indices': [58, 62]}, {'text': '许乐骁', 'indices': [63, 67]}], 'symbols': [], 'user_mentions': [], 'urls': []}"
2021-02-25 11:03:36+00:00,"{'hashtags': [{'text': 'YouthWithYou3', 'indices': [78, 92]}], 'symbols': [], 'user_mentions': [], 'urls': [{'url': 'https://t.co/uGAc4quE7n', 'expanded_url': 'https://twitter.com/i/web/status/1364893804382146562', 'display_url': 'twitter.com/i/web/status/1…', 'indices': [121, 144]}]}"
2021-02-25 10:02:41+00:00,"{'hashtags': [{'text': 'LISA', 'indices': [48, 53]}], 'symbols': [], 'user_mentions': [], 'urls': [{'url': 'https://t.co/0grnVakKvz', 'expanded_url': 'https://twitter.com/i/web/status/1364878473731338246', 'display_url': 'twitter.com/i/web/status/1…', 'indices': [116, 139]}]}"
2021-02-25 07:13:06+00:00,"{'hashtags': [{'text': '虞书欣', 'indices': [5, 9]}, {'text': '爱奇艺', 'indices': [29, 33]}, {'text': '青春有你', 'indices': [34, 39]}, {'text': '青春有你3', 'indices': [40, 46]}], 'symbols': [], 'user_mentions': [], 'urls': [], 'media': [{'id': 1364835770079453187, 'id_str': '1364835770079453187', 'indices': [47, 70], 'media_url': 'http://pbs.twimg.com/media/EvDe5tRVIAMA8i2.jpg', 'media_url_https': 'https://pbs.twimg.com/media/EvDe5tRVIAMA8i2.jpg', 'url': 'https://t.co/2owDds8COq', 'display_url': 'pic.twitter.com/2owDds8COq', 'expanded_url': 'https://twitter.com/iQIYIofficial/status/1364835799846424576/photo/1', 'type': 'photo', 'sizes': {'thumb': {'w': 150, 'h': 150, 'resize': 'crop'}, 'small': {'w': 680, 'h': 453, 'resize': 'fit'}, 'medium': {'w': 1200, 'h': 800, 'resize': 'fit'}, 'large': {'w': 1621, 'h': 1080, 'resize': 'fit'}}}]}"
2021-02-25 07:12:58+00:00,"{'hashtags': [{'text': 'EstherYu', 'indices': [62, 71]}], 'symbols': [], 'user_mentions': [], 'urls': [{'url': 'https://t.co/66CsvIRn9V', 'expanded_url': 'https://twitter.com/i/web/status/1364835767231541248', 'display_url': 'twitter.com/i/web/status/1…', 'indices': [117, 140]}]}"
2021-02-24 12:22:11+00:00,"{'hashtags': [{'text': '爱奇艺', 'indices': [17, 21]}, {'text': '我的时代你的时代', 'indices': [22, 31]}, {'text': '胡一天', 'indices': [32, 36]}, {'text': '李一桐', 'indices': [37, 41]}, {'text': '王安宇', 'indices': [42, 46]}, {'text': '李明德', 'indices': [47, 51]}, {'text': '王可如', 'indices': [52, 56]}, {'text': '许乐骁', 'indices': [57, 61]}], 'symbols': [], 'user_mentions': [], 'urls': [], 'media': [{'id': 1364551170010664961, 'id_str': '1364551170010664961', 'indices': [62, 85], 'media_url': 'http://pbs.twimg.com/media/Eu_cDzZUUAEa7BJ.jpg', 'media_url_https': 'https://pbs.twimg.com/media/Eu_cDzZUUAEa7BJ.jpg', 'url': 'https://t.co/T6wrRao02r', 'display_url': 'pic.twitter.com/T6wrRao02r', 'expanded_url': 'https://twitter.com/iQIYIofficial/status/1364551195470274561/photo/1', 'type': 'photo', 'sizes': {'thumb': {'w': 150, 'h': 150, 'resize': 'crop'}, 'large': {'w': 1080, 'h': 1080, 'resize': 'fit'}, 'small': {'w': 680, 'h': 680, 'resize': 'fit'}, 'medium': {'w': 1080, 'h': 1080, 'resize': 'fit'}}}]}"
2021-02-24 12:22:04+00:00,"{'hashtags': [{'text': 'DtAppledogsTime', 'indices': [73, 89]}, {'text': 'iQIYI', 'indices': [93, 99]}], 'symbols': [], 'user_mentions': [], 'urls': [{'url': 'https://t.co/Zk2df5ViKj', 'expanded_url': 'https://twitter.com/i/web/status/1364551165896089601', 'display_url': 'twitter.com/i/web/status/1…', 'indices': [104, 127]}]}"
2021-02-24 09:33:26+00:00,"{'hashtags': [{'text': '潘瑋柏', 'indices': [5, 9]}, {'text': '爱奇艺', 'indices': [38, 42]}, {'text': '青春有你', 'indices': [43, 48]}, {'text': '青春有你3', 'indices': [49, 55]}], 'symbols': [], 'user_mentions': [], 'urls': [], 'media': [{'id': 1364508719682228232, 'id_str': '1364508719682228232', 'indices': [56, 79], 'media_url': 'http://pbs.twimg.com/media/Eu-1c3mVEAgV3mb.jpg', 'media_url_https': 'https://pbs.twimg.com/media/Eu-1c3mVEAgV3mb.jpg', 'url': 'https://t.co/yIOzKgnSDF', 'display_url': 'pic.twitter.com/yIOzKgnSDF', 'expanded_url': 'https://twitter.com/iQIYIofficial/status/1364508727680716804/photo/1', 'type': 'photo', 'sizes': {'thumb': {'w': 150, 'h': 150, 'resize': 'crop'}, 'large': {'w': 1620, 'h': 1080, 'resize': 'fit'}, 'medium': {'w': 1200, 'h': 800, 'resize': 'fit'}, 'small': {'w': 680, 'h': 453, 'resize': 'fit'}}}]}"
2021-02-24 09:33:24+00:00,"{'hashtags': [{'text': 'WILLPAN', 'indices': [42, 50]}], 'symbols': [], 'user_mentions': [], 'urls': [{'url': 'https://t.co/KeoHoP47Ql', 'expanded_url': 'https://twitter.com/i/web/status/1364508716733591556', 'display_url': 'twitter.com/i/web/status/1…', 'indices': [117, 140]}]}"
2021-02-24 08:51:43+00:00,"{'hashtags': [{'text': 'LISA', 'indices': [6, 11]}, {'text': '爱奇艺', 'indices': [43, 47]}, {'text': '青春有你', 'indices': [48, 53]}, {'text': '青春有你3', 'indices': [54, 60]}], 'symbols': [], 'user_mentions': [], 'urls': [], 'media': [{'id': 1364498210014728195, 'id_str': '1364498210014728195', 'indices': [61, 84], 'media_url': 'http://pbs.twimg.com/media/Eu-r5ICVkAMVG2f.jpg', 'media_url_https': 'https://pbs.twimg.com/media/Eu-r5ICVkAMVG2f.jpg', 'url': 'https://t.co/l1dm6Ian6f', 'display_url': 'pic.twitter.com/l1dm6Ian6f', 'expanded_url': 'https://twitter.com/iQIYIofficial/status/1364498227928604672/photo/1', 'type': 'photo', 'sizes': {'thumb': {'w': 150, 'h': 150, 'resize': 'crop'}, 'large': {'w': 1080, 'h': 1620, 'resize': 'fit'}, 'small': {'w': 453, 'h': 680, 'resize': 'fit'}, 'medium': {'w': 800, 'h': 1200, 'resize': 'fit'}}}]}"
2021-02-24 08:51:38+00:00,"{'hashtags': [{'text': 'LISA', 'indices': [52, 57]}], 'symbols': [], 'user_mentions': [], 'urls': [{'url': 'https://t.co/R7kgCHD91j', 'expanded_url': 'https://twitter.com/i/web/status/1364498206256635908', 'display_url': 'twitter.com/i/web/status/1…', 'indices': [117, 140]}]}"
2021-02-24 05:08:11+00:00,"{'hashtags': [{'text': '赘婿', 'indices': [0, 3]}, {'text': '爱奇艺', 'indices': [45, 49]}], 'symbols': [], 'user_mentions': [], 'urls': [], 'media': [{'id': 1364441965928980482, 'id_str': '1364441965928980482', 'indices': [55, 78], 'media_url': 'http://pbs.twimg.com/media/Eu94vSfVIAIMZd5.jpg', 'media_url_https': 'https://pbs.twimg.com/media/Eu94vSfVIAIMZd5.jpg', 'url': 'https://t.co/g0xSj74fny', 'display_url': 'pic.twitter.com/g0xSj74fny', 'expanded_url': 'https://twitter.com/iQIYIofficial/status/1364441975902986243/photo/1', 'type': 'photo', 'sizes': {'small': {'w': 639, 'h': 680, 'resize': 'fit'}, 'thumb': {'w': 150, 'h': 150, 'resize': 'crop'}, 'medium': {'w': 1080, 'h': 1150, 'resize': 'fit'}, 'large': {'w': 1080, 'h': 1150, 'resize': 'fit'}}}]}"
2021-02-24 05:08:08+00:00,"{'hashtags': [], 'symbols': [], 'user_mentions': [], 'urls': [{'url': 'https://t.co/pnWa42aIST', 'expanded_url': 'https://twitter.com/i/web/status/1364441962196049928', 'display_url': 'twitter.com/i/web/status/1…', 'indices': [117, 140]}]}"
2021-02-24 04:31:02+00:00,"{'hashtags': [{'text': '扑通扑通喜欢你', 'indices': [0, 8]}, {'text': '爱奇艺', 'indices': [31, 35]}, {'text': '扑通扑通喜欢你', 'indices': [36, 44]}, {'text': '罗正', 'indices': [45, 48]}, {'text': '季美含', 'indices': [49, 53]}, {'text': '李莎旻子', 'indices': [54, 59]}, {'text': '陈鹤一', 'indices': [60, 64]}, {'text': '常华森', 'indices': [65, 69]}], 'symbols': [], 'user_mentions': [], 'urls': []}"
2021-02-24 04:31:01+00:00,"{'hashtags': [], 'symbols': [], 'user_mentions': [], 'urls': [{'url': 'https://t.co/NcAke5I3yI', 'expanded_url': 'https://twitter.com/i/web/status/1364432622227574785', 'display_url': 'twitter.com/i/web/status/1…', 'indices': [117, 140]}]}"
2021-02-23 11:36:55+00:00,"{'hashtags': [{'text': 'liuyuxin', 'indices': [77, 86]}, {'text': '刘雨昕', 'indices': [105, 109]}], 'symbols': [], 'user_mentions': [], 'urls': [{'url': 'https://t.co/Qk1mw5XMSe', 'expanded_url': 'https://twitter.com/i/web/status/1364177414398435332', 'display_url': 'twitter.com/i/web/status/1…', 'indices': [117, 140]}]}"
2021-02-23 11:24:50+00:00,"{'hashtags': [{'text': '李荣浩', 'indices': [5, 9]}, {'text': '爱奇艺', 'indices': [34, 38]}, {'text': '青春有你', 'indices': [39, 44]}, {'text': '青春有你3', 'indices': [45, 51]}], 'symbols': [], 'user_mentions': [], 'urls': [], 'media': [{'id': 1364174355870048257, 'id_str': '1364174355870048257', 'indices': [52, 75], 'media_url': 'http://pbs.twimg.com/media/Eu6FWVVU4AEJKN-.jpg', 'media_url_https': 'https://pbs.twimg.com/media/Eu6FWVVU4AEJKN-.jpg', 'url': 'https://t.co/rzUbheCf1T', 'display_url': 'pic.twitter.com/rzUbheCf1T', 'expanded_url': 'https://twitter.com/iQIYIofficial/status/1364174372676665349/photo/1', 'type': 'photo', 'sizes': {'thumb': {'w': 150, 'h': 150, 'resize': 'crop'}, 'medium': {'w': 800, 'h': 1200, 'resize': 'fit'}, 'small': {'w': 453, 'h': 680, 'resize': 'fit'}, 'large': {'w': 1080, 'h': 1620, 'resize': 'fit'}}}]}"
2021-02-23 11:24:45+00:00,"{'hashtags': [{'text': 'LiRonghao', 'indices': [67, 77]}], 'symbols': [], 'user_mentions': [], 'urls': [{'url': 'https://t.co/Gg6KWR9lme', 'expanded_url': 'https://twitter.com/i/web/status/1364174352938196994', 'display_url': 'twitter.com/i/web/status/1…', 'indices': [117, 140]}]}"
2021-02-23 10:49:15+00:00,"{'hashtags': [{'text': '李宇春', 'indices': [5, 9]}, {'text': '爱奇艺', 'indices': [43, 47]}, {'text': '青春有你', 'indices': [48, 53]}, {'text': '青春有你3', 'indices': [54, 60]}], 'symbols': [], 'user_mentions': [], 'urls': []}"
2021-02-23 10:49:14+00:00,"{'hashtags': [{'text': 'ChrisLee', 'indices': [44, 53]}], 'symbols': [], 'user_mentions': [], 'urls': [{'url': 'https://t.co/CjjpA68bsN', 'expanded_url': 'https://twitter.com/i/web/status/1364165416122150914', 'display_url': 'twitter.com/i/web/status/1…', 'indices': [117, 140]}]}"
2021-02-23 10:33:16+00:00,"{'hashtags': [], 'symbols': [], 'user_mentions': [], 'urls': [{'url': 'https://t.co/nIWBiJTB3q', 'expanded_url': 'https://twitter.com/i/web/status/1364161395663671301', 'display_url': 'twitter.com/i/web/status/1…', 'indices': [117, 140]}]}"
2021-02-23 07:38:49+00:00,"{'hashtags': [{'text': '爱奇艺', 'indices': [26, 30]}, {'text': '我的时代你的时代', 'indices': [31, 40]}, {'text': '王安宇', 'indices': [41, 45]}, {'text': '王可如', 'indices': [46, 50]}], 'symbols': [], 'user_mentions': [], 'urls': [], 'media': [{'id': 1364117468977848328, 'id_str': '1364117468977848328', 'indices': [51, 74], 'media_url': 'http://pbs.twimg.com/media/Eu5RnFJUYAgSd03.jpg', 'media_url_https': 'https://pbs.twimg.com/media/Eu5RnFJUYAgSd03.jpg', 'url': 'https://t.co/yQ6eaXdsme', 'display_url': 'pic.twitter.com/yQ6eaXdsme', 'expanded_url': 'https://twitter.com/iQIYIofficial/status/1364117495414616070/photo/1', 'type': 'photo', 'sizes': {'thumb': {'w': 150, 'h': 150, 'resize': 'crop'}, 'small': {'w': 680, 'h': 453, 'resize': 'fit'}, 'large': {'w': 1024, 'h': 682, 'resize': 'fit'}, 'medium': {'w': 1024, 'h': 682, 'resize': 'fit'}}}]}"
2021-02-23 07:38:42+00:00,"{'hashtags': [], 'symbols': [], 'user_mentions': [], 'urls': [{'url': 'https://t.co/oBiEn5NMF7', 'expanded_url': 'https://twitter.com/i/web/status/1364117465706336262', 'display_url': 'twitter.com/i/web/status/1…', 'indices': [117, 140]}]}"
2021-02-22 15:11:22+00:00,"{'hashtags': [{'text': 'fanchengcheng', 'indices': [31, 45]}, {'text': '范丞丞', 'indices': [80, 84]}, {'text': 'Fourtry2', 'indices': [98, 107]}], 'symbols': [], 'user_mentions': [], 'urls': [{'url': 'https://t.co/FdarHjPYxk', 'expanded_url': 'https://twitter.com/i/web/status/1363868994013261824', 'display_url': 'twitter.com/i/web/status/1…', 'indices': [112, 135]}]}"
2021-02-22 13:42:24+00:00,"{'hashtags': [{'text': '李宇春', 'indices': [5, 9]}, {'text': '李荣浩', 'indices': [14, 18]}, {'text': 'LISA', 'indices': [19, 24]}, {'text': '潘瑋柏', 'indices': [25, 29]}, {'text': '爱奇艺', 'indices': [64, 68]}, {'text': '青春有你', 'indices': [69, 74]}, {'text': '青春有你3', 'indices': [75, 81]}], 'symbols': [], 'user_mentions': [], 'urls': []}"
2021-02-22 13:42:23+00:00,"{'hashtags': [{'text': 'ChrisLee', 'indices': [44, 53]}, {'text': 'LiRonghao', 'indices': [66, 76]}, {'text': 'LISA', 'indices': [77, 82]}, {'text': 'WILLPAN', 'indices': [87, 95]}], 'symbols': [], 'user_mentions': [], 'urls': [{'url': 'https://t.co/21V8vW8pPa', 'expanded_url': 'https://twitter.com/i/web/status/1363846603459620865', 'display_url': 'twitter.com/i/web/status/1…', 'indices': [117, 140]}]}"
2021-02-22 13:21:05+00:00,"{'hashtags': [], 'symbols': [], 'user_mentions': [], 'urls': [{'url': 'https://t.co/b3gf6c0iRs', 'expanded_url': 'https://twitter.com/i/web/status/1363841243088703498', 'display_url': 'twitter.com/i/web/status/1…', 'indices': [117, 140]}]}"
2021-02-22 12:20:08+00:00,"{'hashtags': [{'text': '爱奇艺', 'indices': [28, 32]}, {'text': '我的时代你的时代', 'indices': [33, 42]}, {'text': '胡一天', 'indices': [43, 47]}, {'text': '李一桐', 'indices': [48, 52]}], 'symbols': [], 'user_mentions': [], 'urls': []}"
2021-02-22 12:20:07+00:00,"{'hashtags': [], 'symbols': [], 'user_mentions': [], 'urls': [{'url': 'https://t.co/LhE0qRtTjL', 'expanded_url': 'https://twitter.com/i/web/status/1363825897678118912', 'display_url': 'twitter.com/i/web/status/1…', 'indices': [117, 140]}]}"
2021-02-22 09:39:34+00:00,"{'hashtags': [{'text': '扑通扑通喜欢你', 'indices': [15, 23]}, {'text': '爱奇艺', 'indices': [27, 31]}, {'text': '罗正', 'indices': [51, 54]}, {'text': '季美含', 'indices': [55, 59]}], 'symbols': [], 'user_mentions': [], 'urls': []}"
2021-02-22 09:39:33+00:00,"{'hashtags': [], 'symbols': [], 'user_mentions': [], 'urls': [{'url': 'https://t.co/sKZD6vac0F', 'expanded_url': 'https://twitter.com/i/web/status/1363785490844028930', 'display_url': 'twitter.com/i/web/status/1…', 'indices': [116, 139]}]}"
2021-02-21 16:49:44+00:00,"{'hashtags': [{'text': 'ouyangnana', 'indices': [44, 55]}, {'text': '欧阳娜娜', 'indices': [100, 105]}], 'symbols': [], 'user_mentions': [], 'urls': [{'url': 'https://t.co/ReQeYWza1N', 'expanded_url': 'https://twitter.com/i/web/status/1363531363291291648', 'display_url': 'twitter.com/i/web/status/1…', 'indices': [117, 140]}]}"
2021-02-21 10:57:49+00:00,"{'hashtags': [{'text': '爱奇艺', 'indices': [29, 33]}, {'text': '赘婿', 'indices': [34, 37]}, {'text': '郭麒麟', 'indices': [38, 42]}, {'text': '宋轶', 'indices': [43, 46]}], 'symbols': [], 'user_mentions': [], 'urls': [], 'media': [{'id': 1363442790902849539, 'id_str': '1363442790902849539', 'indices': [47, 70], 'media_url': 'http://pbs.twimg.com/media/Euvr_pdU4AMpKBu.jpg', 'media_url_https': 'https://pbs.twimg.com/media/Euvr_pdU4AMpKBu.jpg', 'url': 'https://t.co/fdihBMqgea', 'display_url': 'pic.twitter.com/fdihBMqgea', 'expanded_url': 'https://twitter.com/iQIYIofficial/status/1363442800818323457/photo/1', 'type': 'photo', 'sizes': {'thumb': {'w': 150, 'h': 150, 'resize': 'crop'}, 'medium': {'w': 1024, 'h': 1024, 'resize': 'fit'}, 'large': {'w': 1024, 'h': 1024, 'resize': 'fit'}, 'small': {'w': 680, 'h': 680, 'resize': 'fit'}}}]}"
2021-02-21 10:57:46+00:00,"{'hashtags': [], 'symbols': [], 'user_mentions': [], 'urls': [{'url': 'https://t.co/zmrBdnn3Tn', 'expanded_url': 'https://twitter.com/i/web/status/1363442787321077761', 'display_url': 'twitter.com/i/web/status/1…', 'indices': [116, 139]}]}"
2021-02-21 10:31:42+00:00,"{'hashtags': [{'text': '爱奇艺', 'indices': [27, 31]}, {'text': '我的时代你的时代', 'indices': [32, 41]}, {'text': '胡一天', 'indices': [42, 46]}, {'text': '李一桐', 'indices': [47, 51]}], 'symbols': [], 'user_mentions': [], 'urls': []}"
2021-02-21 10:31:41+00:00,"{'hashtags': [], 'symbols': [], 'user_mentions': [], 'urls': [{'url': 'https://t.co/nFeMHZDmtn', 'expanded_url': 'https://twitter.com/i/web/status/1363436223025586179', 'display_url': 'twitter.com/i/web/status/1…', 'indices': [108, 131]}]}"
2021-02-21 10:20:05+00:00,"{'hashtags': [{'text': '爱奇艺', 'indices': [30, 34]}, {'text': '扑通扑通喜欢你', 'indices': [35, 43]}, {'text': '罗正', 'indices': [44, 47]}, {'text': '季美含', 'indices': [48, 52]}], 'symbols': [], 'user_mentions': [], 'urls': []}"
2021-02-21 10:20:04+00:00,"{'hashtags': [], 'symbols': [], 'user_mentions': [], 'urls': [{'url': 'https://t.co/KSYuOvKzWZ', 'expanded_url': 'https://twitter.com/i/web/status/1363433298987413504', 'display_url': 'twitter.com/i/web/status/1…', 'indices': [117, 140]}]}"
2021-02-21 09:56:46+00:00,"{'hashtags': [{'text': '长安如故', 'indices': [100, 105]}], 'symbols': [], 'user_mentions': [], 'urls': [{'url': 'https://t.co/XZdCahDfg3', 'expanded_url': 'https://twitter.com/i/web/status/1363427436482863106', 'display_url': 'twitter.com/i/web/status/1…', 'indices': [117, 140]}]}"
2021-02-20 10:25:34+00:00,"{'hashtags': [{'text': '爱奇艺', 'indices': [14, 18]}, {'text': '灵域', 'indices': [19, 22]}, {'text': '范丞丞', 'indices': [23, 27]}, {'text': '程潇', 'indices': [28, 31]}], 'symbols': [], 'user_mentions': [], 'urls': [], 'media': [{'id': 1363072277193969667, 'id_str': '1363072277193969667', 'indices': [32, 55], 'media_url': 'http://pbs.twimg.com/media/EuqbA6VUUAMaTdC.jpg', 'media_url_https': 'https://pbs.twimg.com/media/EuqbA6VUUAMaTdC.jpg', 'url': 'https://t.co/xKhHWDD4fN', 'display_url': 'pic.twitter.com/xKhHWDD4fN', 'expanded_url': 'https://twitter.com/iQIYIofficial/status/1363072296051744769/photo/1', 'type': 'photo', 'sizes': {'thumb': {'w': 150, 'h': 150, 'resize': 'crop'}, 'medium': {'w': 1200, 'h': 675, 'resize': 'fit'}, 'large': {'w': 1920, 'h': 1080, 'resize': 'fit'}, 'small': {'w': 680, 'h': 383, 'resize': 'fit'}}}]}"
2021-02-20 10:25:29+00:00,"{'hashtags': [{'text': 'TheWorldofFantasy', 'indices': [71, 89]}, {'text': 'iQIYI', 'indices': [93, 99]}], 'symbols': [], 'user_mentions': [], 'urls': [{'url': 'https://t.co/6jdZZf0l5D', 'expanded_url': 'https://twitter.com/i/web/status/1363072273972744193', 'display_url': 'twitter.com/i/web/status/1…', 'indices': [104, 127]}]}"
2021-02-20 08:56:00+00:00,"{'hashtags': [{'text': '爱奇艺', 'indices': [31, 35]}, {'text': '赘婿', 'indices': [36, 39]}, {'text': '郭麒麟', 'indices': [40, 44]}, {'text': '宋轶', 'indices': [45, 48]}], 'symbols': [], 'user_mentions': [], 'urls': []}"
2021-02-20 08:55:59+00:00,"{'hashtags': [], 'symbols': [], 'user_mentions': [], 'urls': [{'url': 'https://t.co/rGm2eTg0xE', 'expanded_url': 'https://twitter.com/i/web/status/1363049752883990530', 'display_url': 'twitter.com/i/web/status/1…', 'indices': [117, 140]}]}"
2021-02-20 08:17:48+00:00,"{'hashtags': [{'text': 'WilliamChan', 'indices': [59, 71]}, {'text': '陈伟霆', 'indices': [103, 107]}], 'symbols': [], 'user_mentions': [], 'urls': [{'url': 'https://t.co/SzCNYGuePj', 'expanded_url': 'https://twitter.com/i/web/status/1363040142512984065', 'display_url': 'twitter.com/i/web/status/1…', 'indices': [116, 139]}]}"
2021-02-20 06:28:06+00:00,"{'hashtags': [{'text': '潘玮柏', 'indices': [5, 9]}, {'text': '爱奇艺', 'indices': [37, 41]}, {'text': '青春有你', 'indices': [42, 47]}, {'text': '青春有你3', 'indices': [48, 54]}], 'symbols': [], 'user_mentions': [], 'urls': []}"
2021-02-20 06:27:05+00:00,"{'hashtags': [{'text': 'WILLPAN', 'indices': [62, 70]}], 'symbols': [], 'user_mentions': [], 'urls': [{'url': 'https://t.co/R6zH5YEcIU', 'expanded_url': 'https://twitter.com/i/web/status/1363012277289422850', 'display_url': 'twitter.com/i/web/status/1…', 'indices': [117, 140]}]}"
2021-02-20 03:21:42+00:00,"{'hashtags': [], 'symbols': [], 'user_mentions': [], 'urls': [{'url': 'https://t.co/PdmPmNZffE', 'expanded_url': 'https://twitter.com/i/web/status/1362965624050253828', 'display_url': 'twitter.com/i/web/status/1…', 'indices': [117, 140]}]}"
2021-02-19 13:50:07+00:00,"{'hashtags': [], 'symbols': [], 'user_mentions': [], 'urls': [{'url': 'https://t.co/iNKcG1caKa', 'expanded_url': 'https://twitter.com/i/web/status/1362761383956258828', 'display_url': 'twitter.com/i/web/status/1…', 'indices': [114, 137]}]}"
2021-02-19 13:27:43+00:00,"{'hashtags': [{'text': 'MakeMyHeartSmile', 'indices': [76, 93]}, {'text': 'iQIYI', 'indices': [97, 103]}], 'symbols': [], 'user_mentions': [], 'urls': [{'url': 'https://t.co/08f2OqY7g7', 'expanded_url': 'https://twitter.com/i/web/status/1362755744949436420', 'display_url': 'twitter.com/i/web/status/1…', 'indices': [108, 131]}]}"
2021-02-19 11:25:11+00:00,"{'hashtags': [], 'symbols': [], 'user_mentions': [], 'urls': [{'url': 'https://t.co/nohjZy2nXU', 'expanded_url': 'https://twitter.com/i/web/status/1362724908363509769', 'display_url': 'twitter.com/i/web/status/1…', 'indices': [117, 140]}]}"
2021-02-19 10:08:23+00:00,"{'hashtags': [{'text': 'ouyangnana', 'indices': [31, 42]}, {'text': 'fanchengcheng', 'indices': [47, 61]}, {'text': '欧阳娜娜', 'indices': [94, 99]}, {'text': '范丞丞', 'indices': [102, 106]}], 'symbols': [], 'user_mentions': [], 'urls': [{'url': 'https://t.co/RggVSsOb2P', 'expanded_url': 'https://twitter.com/i/web/status/1362705583745376262', 'display_url': 'twitter.com/i/web/status/1…', 'indices': [117, 140]}]}"
2021-02-19 07:28:27+00:00,"{'hashtags': [{'text': 'LISA', 'indices': [81, 86]}], 'symbols': [], 'user_mentions': [], 'urls': [{'url': 'https://t.co/XDxQwWogng', 'expanded_url': 'https://twitter.com/i/web/status/1362665334113673217', 'display_url': 'twitter.com/i/web/status/1…', 'indices': [116, 139]}]}"
2021-02-18 13:25:11+00:00,"{'hashtags': [{'text': 'TheWorldofFantasy', 'indices': [74, 92]}, {'text': 'iQIYI', 'indices': [96, 102]}], 'symbols': [], 'user_mentions': [], 'urls': [{'url': 'https://t.co/p2gYISoiVa', 'expanded_url': 'https://twitter.com/i/web/status/1362392722024275973', 'display_url': 'twitter.com/i/web/status/1…', 'indices': [107, 130]}]}"
2021-02-18 12:29:48+00:00,"{'hashtags': [], 'symbols': [], 'user_mentions': [], 'urls': [{'url': 'https://t.co/QFaWCCCEBx', 'expanded_url': 'https://twitter.com/i/web/status/1362378782200324096', 'display_url': 'twitter.com/i/web/status/1…', 'indices': [117, 140]}]}"
2021-02-18 12:01:35+00:00,"{'hashtags': [{'text': 'WilliamChan', 'indices': [31, 43]}, {'text': '陈伟霆', 'indices': [95, 99]}], 'symbols': [], 'user_mentions': [], 'urls': [{'url': 'https://t.co/pAmqrK9t94', 'expanded_url': 'https://twitter.com/i/web/status/1362371681835053062', 'display_url': 'twitter.com/i/web/status/1…', 'indices': [117, 140]}]}"
2021-02-18 11:46:15+00:00,"{'hashtags': [{'text': '扑通扑通喜欢你', 'indices': [0, 8]}, {'text': '爱奇艺', 'indices': [28, 32]}, {'text': '罗正', 'indices': [33, 36]}, {'text': '季美含', 'indices': [37, 41]}, {'text': '李莎旻子', 'indices': [42, 47]}, {'text': '陈鹤一', 'indices': [48, 52]}, {'text': '常华森', 'indices': [53, 57]}, {'text': '文渊', 'indices': [58, 61]}, {'text': '麦童', 'indices': [62, 65]}], 'symbols': [], 'user_mentions': [], 'urls': [], 'media': [{'id': 1362367814187720710, 'id_str': '1362367814187720710', 'indices': [66, 89], 'media_url': 'http://pbs.twimg.com/media/EugaTxIVoAYgud5.jpg', 'media_url_https': 'https://pbs.twimg.com/media/EugaTxIVoAYgud5.jpg', 'url': 'https://t.co/2mKv22JCmg', 'display_url': 'pic.twitter.com/2mKv22JCmg', 'expanded_url': 'https://twitter.com/iQIYIofficial/status/1362367824459489280/photo/1', 'type': 'photo', 'sizes': {'thumb': {'w': 150, 'h': 150, 'resize': 'crop'}, 'medium': {'w': 1200, 'h': 801, 'resize': 'fit'}, 'large': {'w': 1618, 'h': 1080, 'resize': 'fit'}, 'small': {'w': 680, 'h': 454, 'resize': 'fit'}}}]}"
2021-02-18 11:46:12+00:00,"{'hashtags': [], 'symbols': [], 'user_mentions': [], 'urls': [{'url': 'https://t.co/2PjQK0wc7e', 'expanded_url': 'https://twitter.com/i/web/status/1362367810538627072', 'display_url': 'twitter.com/i/web/status/1…', 'indices': [107, 130]}]}"
2021-02-18 06:33:10+00:00,"{'hashtags': [{'text': '李荣浩', 'indices': [5, 9]}, {'text': '爱奇艺', 'indices': [45, 49]}, {'text': '青春有你', 'indices': [50, 55]}, {'text': '青春有你3', 'indices': [56, 62]}], 'symbols': [], 'user_mentions': [], 'urls': []}"
2021-02-18 06:33:09+00:00,"{'hashtags': [{'text': 'LiRonghao', 'indices': [71, 81]}], 'symbols': [], 'user_mentions': [], 'urls': [{'url': 'https://t.co/Tk8rIB3jmY', 'expanded_url': 'https://twitter.com/i/web/status/1362289028804923392', 'display_url': 'twitter.com/i/web/status/1…', 'indices': [117, 140]}]}"
2021-02-17 09:29:18+00:00,"{'hashtags': [{'text': '扑通扑通喜欢你', 'indices': [0, 8]}, {'text': '爱奇艺', 'indices': [32, 36]}, {'text': '罗正', 'indices': [37, 40]}, {'text': '季美含', 'indices': [41, 45]}], 'symbols': [], 'user_mentions': [], 'urls': []}"
2021-02-17 09:29:17+00:00,"{'hashtags': [], 'symbols': [], 'user_mentions': [], 'urls': [{'url': 'https://t.co/2RVlIaEYJN', 'expanded_url': 'https://twitter.com/i/web/status/1361970968135045122', 'display_url': 'twitter.com/i/web/status/1…', 'indices': [117, 140]}]}"
2021-02-17 09:11:35+00:00,"{'hashtags': [{'text': '爱奇艺', 'indices': [44, 48]}, {'text': '我的时代你的时代', 'indices': [49, 58]}, {'text': '胡一天', 'indices': [59, 63]}, {'text': '李一桐', 'indices': [64, 68]}, {'text': '王安宇', 'indices': [69, 73]}, {'text': '李明德', 'indices': [74, 78]}, {'text': '许乐骁', 'indices': [79, 83]}], 'symbols': [], 'user_mentions': [], 'urls': [], 'media': [{'id': 1361966468049473545, 'id_str': '1361966468049473545', 'indices': [84, 107], 'media_url': 'http://pbs.twimg.com/media/EuatSWQVEAkJAML.jpg', 'media_url_https': 'https://pbs.twimg.com/media/EuatSWQVEAkJAML.jpg', 'url': 'https://t.co/aDymeshtor', 'display_url': 'pic.twitter.com/aDymeshtor', 'expanded_url': 'https://twitter.com/iQIYIofficial/status/1361966513050165256/photo/1', 'type': 'photo', 'sizes': {'thumb': {'w': 150, 'h': 150, 'resize': 'crop'}, 'medium': {'w': 1200, 'h': 800, 'resize': 'fit'}, 'large': {'w': 1620, 'h': 1080, 'resize': 'fit'}, 'small': {'w': 680, 'h': 453, 'resize': 'fit'}}}]}"
2021-02-17 09:11:24+00:00,"{'hashtags': [], 'symbols': [], 'user_mentions': [], 'urls': [{'url': 'https://t.co/CMwzwQ7Jq5', 'expanded_url': 'https://twitter.com/i/web/status/1361966465172209667', 'display_url': 'twitter.com/i/web/status/1…', 'indices': [120, 143]}]}"
2021-02-17 08:43:17+00:00,"{'hashtags': [{'text': '爱奇艺', 'indices': [35, 39]}, {'text': '赘婿', 'indices': [40, 43]}, {'text': '郭麒麟', 'indices': [44, 48]}, {'text': '宋轶', 'indices': [49, 52]}], 'symbols': [], 'user_mentions': [], 'urls': []}"
2021-02-17 08:43:16+00:00,"{'hashtags': [], 'symbols': [], 'user_mentions': [], 'urls': [{'url': 'https://t.co/Psn7FesmGJ', 'expanded_url': 'https://twitter.com/i/web/status/1361959387540033536', 'display_url': 'twitter.com/i/web/status/1…', 'indices': [117, 140]}]}"
2021-02-17 08:08:35+00:00,"{'hashtags': [{'text': 'ChrisLee', 'indices': [77, 86]}], 'symbols': [], 'user_mentions': [], 'urls': [{'url': 'https://t.co/J1XBgtztcp', 'expanded_url': 'https://twitter.com/i/web/status/1361950656936898560', 'display_url': 'twitter.com/i/web/status/1…', 'indices': [117, 140]}]}"
2021-02-17 07:36:03+00:00,"{'hashtags': [{'text': '爱奇艺', 'indices': [33, 37]}, {'text': '假日暖洋洋', 'indices': [38, 44]}, {'text': '白宇', 'indices': [45, 48]}, {'text': '大鹏', 'indices': [49, 52]}, {'text': '胡军', 'indices': [53, 56]}, {'text': '郑云龙', 'indices': [57, 61]}, {'text': '褚栓忠', 'indices': [62, 66]}], 'symbols': [], 'user_mentions': [], 'urls': [], 'media': [{'id': 1361942440001773568, 'id_str': '1361942440001773568', 'indices': [67, 90], 'media_url': 'http://pbs.twimg.com/media/EuaXbuzVoAA71Eu.jpg', 'media_url_https': 'https://pbs.twimg.com/media/EuaXbuzVoAA71Eu.jpg', 'url': 'https://t.co/0T34oNwLLL', 'display_url': 'pic.twitter.com/0T34oNwLLL', 'expanded_url': 'https://twitter.com/iQIYIofficial/status/1361942472440508416/photo/1', 'type': 'photo', 'sizes': {'thumb': {'w': 150, 'h': 150, 'resize': 'crop'}, 'small': {'w': 383, 'h': 680, 'resize': 'fit'}, 'medium': {'w': 675, 'h': 1200, 'resize': 'fit'}, 'large': {'w': 1080, 'h': 1920, 'resize': 'fit'}}}]}"
2021-02-17 07:35:55+00:00,"{'hashtags': [], 'symbols': [], 'user_mentions': [], 'urls': [{'url': 'https://t.co/HmmCTqhbTR', 'expanded_url': 'https://twitter.com/i/web/status/1361942436663025664', 'display_url': 'twitter.com/i/web/status/1…', 'indices': [117, 140]}]}"
2021-02-16 08:13:56+00:00,"{'hashtags': [{'text': '爱奇艺', 'indices': [22, 26]}, {'text': '灵域', 'indices': [27, 30]}, {'text': '范丞丞', 'indices': [31, 35]}], 'symbols': [], 'user_mentions': [], 'urls': [], 'media': [{'id': 1361589568097591298, 'id_str': '1361589568097591298', 'indices': [36, 59], 'media_url': 'http://pbs.twimg.com/media/EuVWf4hVoAIIBc8.jpg', 'media_url_https': 'https://pbs.twimg.com/media/EuVWf4hVoAIIBc8.jpg', 'url': 'https://t.co/5Edngyi4cZ', 'display_url': 'pic.twitter.com/5Edngyi4cZ', 'expanded_url': 'https://twitter.com/iQIYIofficial/status/1361589618349539328/photo/1', 'type': 'photo', 'sizes': {'thumb': {'w': 150, 'h': 150, 'resize': 'crop'}, 'medium': {'w': 1200, 'h': 675, 'resize': 'fit'}, 'small': {'w': 680, 'h': 383, 'resize': 'fit'}, 'large': {'w': 1920, 'h': 1080, 'resize': 'fit'}}}]}"
2021-02-16 08:13:43+00:00,"{'hashtags': [{'text': 'TheWorldofFantasy', 'indices': [77, 95]}, {'text': 'iQIYI', 'indices': [99, 105]}], 'symbols': [], 'user_mentions': [], 'urls': [{'url': 'https://t.co/wh2mcX4gpb', 'expanded_url': 'https://twitter.com/i/web/status/1361589564456935426', 'display_url': 'twitter.com/i/web/status/1…', 'indices': [110, 133]}]}"
2021-02-16 07:03:47+00:00,"{'hashtags': [], 'symbols': [], 'user_mentions': [], 'urls': [{'url': 'https://t.co/8dfQZeAnnb', 'expanded_url': 'https://twitter.com/i/web/status/1361571964574339072', 'display_url': 'twitter.com/i/web/status/1…', 'indices': [115, 138]}]}"
2021-02-16 04:03:06+00:00,"{'hashtags': [{'text': '赘婿', 'indices': [13, 16]}, {'text': '爱奇艺', 'indices': [20, 24]}], 'symbols': [], 'user_mentions': [], 'urls': []}"
2021-02-16 04:03:04+00:00,"{'hashtags': [], 'symbols': [], 'user_mentions': [], 'urls': [{'url': 'https://t.co/4hhzJWH5Nh', 'expanded_url': 'https://twitter.com/i/web/status/1361526486373523458', 'display_url': 'twitter.com/i/web/status/1…', 'indices': [117, 140]}]}"
2021-02-16 03:46:35+00:00,"{'hashtags': [{'text': '潮流合伙人', 'indices': [0, 6]}, {'text': '爱奇艺', 'indices': [39, 43]}, {'text': '陈伟霆', 'indices': [44, 48]}, {'text': '欧阳娜娜', 'indices': [49, 54]}, {'text': '范丞丞', 'indices': [55, 59]}, {'text': '刘雨昕', 'indices': [60, 64]}, {'text': '周扬青', 'indices': [65, 69]}, {'text': '钱正昊', 'indices': [70, 74]}, {'text': '白景屹', 'indices': [75, 79]}, {'text': '刘思鉴', 'indices': [80, 84]}, {'text': 'Fourtry', 'indices': [85, 93]}, {'text': 'WilliamChan', 'indices': [94, 106]}], 'symbols': [], 'user_mentions': [], 'urls': [{'url': 'https://t.co/b7jJoMywLC', 'expanded_url': 'https://twitter.com/i/web/status/1361522334897606657', 'display_url': 'twitter.com/i/web/status/1…', 'indices': [108, 131]}]}"
2021-02-16 03:46:26+00:00,"{'hashtags': [], 'symbols': [], 'user_mentions': [], 'urls': [{'url': 'https://t.co/NOasYYKrZT', 'expanded_url': 'https://twitter.com/i/web/status/1361522300659507203', 'display_url': 'twitter.com/i/web/status/1…', 'indices': [117, 140]}]}"
2021-02-16 03:02:31+00:00,"{'hashtags': [{'text': '青春有你3', 'indices': [10, 16]}, {'text': '爱奇艺', 'indices': [70, 74]}, {'text': '青春有你', 'indices': [75, 80]}], 'symbols': [], 'user_mentions': [], 'urls': []}"
2021-02-16 03:02:29+00:00,"{'hashtags': [{'text': 'YouthWithYou3', 'indices': [31, 45]}], 'symbols': [], 'user_mentions': [], 'urls': [{'url': 'https://t.co/2Q9yC9zaH2', 'expanded_url': 'https://twitter.com/i/web/status/1361511239940075528', 'display_url': 'twitter.com/i/web/status/1…', 'indices': [117, 140]}]}"
2021-02-15 10:30:03+00:00,"{'hashtags': [], 'symbols': [], 'user_mentions': [], 'urls': [{'url': 'https://t.co/0gFYmpGJtr', 'expanded_url': 'https://twitter.com/i/web/status/1361261484806791173', 'display_url': 'twitter.com/i/web/status/1…', 'indices': [107, 130]}]}"
2021-02-15 09:00:42+00:00,"{'hashtags': [{'text': '爱奇艺', 'indices': [34, 38]}, {'text': '我的时代你的时代', 'indices': [39, 48]}, {'text': '杨紫', 'indices': [49, 52]}, {'text': '李现', 'indices': [53, 56]}], 'symbols': [], 'user_mentions': [], 'urls': []}"
2021-02-15 09:00:41+00:00,"{'hashtags': [{'text': 'GoGoSquid', 'indices': [64, 74]}], 'symbols': [], 'user_mentions': [], 'urls': [{'url': 'https://t.co/TdjDdrcKEe', 'expanded_url': 'https://twitter.com/i/web/status/1361238994785214472', 'display_url': 'twitter.com/i/web/status/1…', 'indices': [115, 138]}]}"
2021-02-15 06:14:58+00:00,"{'hashtags': [{'text': '爱奇艺', 'indices': [43, 47]}, {'text': '潮流合伙人', 'indices': [48, 54]}, {'text': '陈伟霆', 'indices': [55, 59]}, {'text': '欧阳娜娜', 'indices': [60, 65]}, {'text': '范丞丞', 'indices': [66, 70]}, {'text': '刘雨昕', 'indices': [71, 75]}, {'text': '周扬青', 'indices': [76, 80]}, {'text': '钱正昊', 'indices': [81, 85]}, {'text': '白景屹', 'indices': [86, 90]}, {'text': '刘思鉴', 'indices': [91, 95]}, {'text': 'Fourtry', 'indices': [96, 104]}], 'symbols': [], 'user_mentions': [], 'urls': [{'url': 'https://t.co/dffg692qbV', 'expanded_url': 'https://twitter.com/i/web/status/1361197290715709449', 'display_url': 'twitter.com/i/web/status/1…', 'indices': [106, 129]}]}"
2021-02-15 06:14:56+00:00,"{'hashtags': [], 'symbols': [], 'user_mentions': [], 'urls': [{'url': 'https://t.co/mSH9XHgZ5G', 'expanded_url': 'https://twitter.com/i/web/status/1361197281056157696', 'display_url': 'twitter.com/i/web/status/1…', 'indices': [117, 140]}]}"
2021-02-15 05:24:12+00:00,"{'hashtags': [{'text': '罗正', 'indices': [14, 17]}, {'text': '季美含', 'indices': [18, 22]}, {'text': '李莎旻子', 'indices': [23, 28]}, {'text': '陈鹤一', 'indices': [29, 33]}, {'text': '常华森', 'indices': [34, 38]}, {'text': '文渊', 'indices': [39, 42]}, {'text': '麦童', 'indices': [43, 46]}, {'text': '爱奇艺', 'indices': [64, 68]}, {'text': '扑通扑通喜欢你', 'indices': [69, 77]}], 'symbols': [], 'user_mentions': [], 'urls': [], 'media': [{'id': 1361184508876234753, 'id_str': '1361184508876234753', 'indices': [78, 101], 'media_url': 'http://pbs.twimg.com/media/EuPmGVVVIAE33O0.jpg', 'media_url_https': 'https://pbs.twimg.com/media/EuPmGVVVIAE33O0.jpg', 'url': 'https://t.co/WZAfUmYyVD', 'display_url': 'pic.twitter.com/WZAfUmYyVD', 'expanded_url': 'https://twitter.com/iQIYIofficial/status/1361184516031746051/photo/1', 'type': 'photo', 'sizes': {'thumb': {'w': 150, 'h': 150, 'resize': 'crop'}, 'small': {'w': 493, 'h': 680, 'resize': 'fit'}, 'large': {'w': 1080, 'h': 1490, 'resize': 'fit'}, 'medium': {'w': 870, 'h': 1200, 'resize': 'fit'}}}]}"
2021-02-15 05:24:10+00:00,"{'hashtags': [{'text': 'luozheng', 'indices': [98, 107]}], 'symbols': [], 'user_mentions': [], 'urls': [{'url': 'https://t.co/ZvGz3WHKnt', 'expanded_url': 'https://twitter.com/i/web/status/1361184506154127368', 'display_url': 'twitter.com/i/web/status/1…', 'indices': [109, 132]}]}"
2021-02-15 05:06:31+00:00,"{'hashtags': [{'text': '长安如故is', 'indices': [41, 48]}, {'text': 'renjialun', 'indices': [90, 100]}, {'text': 'bailu', 'indices': [105, 111]}], 'symbols': [], 'user_mentions': [], 'urls': [{'url': 'https://t.co/OTH2MTv0h6', 'expanded_url': 'https://twitter.com/i/web/status/1361180065870962689', 'display_url': 'twitter.com/i/web/status/1…', 'indices': [117, 140]}]}"
2021-02-14 13:00:47+00:00,"{'hashtags': [{'text': '爱奇艺', 'indices': [20, 24]}, {'text': '扑通扑通喜欢你', 'indices': [25, 33]}, {'text': '罗正', 'indices': [34, 37]}, {'text': '季美含', 'indices': [38, 42]}, {'text': '李莎旻子', 'indices': [43, 48]}, {'text': '陈鹤一', 'indices': [49, 53]}, {'text': '常华森', 'indices': [54, 58]}, {'text': '文渊', 'indices': [59, 62]}, {'text': '麦童', 'indices': [63, 66]}], 'symbols': [], 'user_mentions': [], 'urls': []}"
2021-02-14 13:00:47+00:00,"{'hashtags': [], 'symbols': [], 'user_mentions': [], 'urls': [{'url': 'https://t.co/jDDtFwmVbX', 'expanded_url': 'https://twitter.com/i/web/status/1360937027592544257', 'display_url': 'twitter.com/i/web/status/1…', 'indices': [117, 140]}]}"
2021-02-14 12:06:54+00:00,"{'hashtags': [], 'symbols': [], 'user_mentions': [], 'urls': [{'url': 'https://t.co/IeNuSsEOHl', 'expanded_url': 'https://twitter.com/i/web/status/1360923471065145348', 'display_url': 'twitter.com/i/web/status/1…', 'indices': [116, 139]}]}"
2021-02-14 11:08:52+00:00,"{'hashtags': [{'text': '爱奇艺', 'indices': [16, 20]}, {'text': '我的时代你的时代', 'indices': [21, 30]}, {'text': '胡一天', 'indices': [31, 35]}, {'text': '李一桐', 'indices': [36, 40]}, {'text': '王安宇', 'indices': [41, 45]}, {'text': '李明德', 'indices': [46, 50]}, {'text': '王可如', 'indices': [51, 55]}, {'text': '许乐骁', 'indices': [56, 60]}, {'text': '庞瀚辰', 'indices': [61, 65]}], 'symbols': [], 'user_mentions': [], 'urls': [], 'media': [{'id': 1360908765692788736, 'id_str': '1360908765692788736', 'indices': [66, 89], 'media_url': 'http://pbs.twimg.com/media/EuLrT97VgAA6xnh.jpg', 'media_url_https': 'https://pbs.twimg.com/media/EuLrT97VgAA6xnh.jpg', 'url': 'https://t.co/5SdifyFUxP', 'display_url': 'pic.twitter.com/5SdifyFUxP', 'expanded_url': 'https://twitter.com/iQIYIofficial/status/1360908866846793729/photo/1', 'type': 'photo', 'sizes': {'thumb': {'w': 150, 'h': 150, 'resize': 'crop'}, 'large': {'w': 1920, 'h': 1080, 'resize': 'fit'}, 'small': {'w': 680, 'h': 383, 'resize': 'fit'}, 'medium': {'w': 1200, 'h': 675, 'resize': 'fit'}}}]}"
2021-02-14 11:08:27+00:00,"{'hashtags': [{'text': 'DtAppledogsTime', 'indices': [77, 93]}, {'text': 'iQIYI', 'indices': [97, 103]}], 'symbols': [], 'user_mentions': [], 'urls': [{'url': 'https://t.co/Ptmiq01LxQ', 'expanded_url': 'https://twitter.com/i/web/status/1360908761888481282', 'display_url': 'twitter.com/i/web/status/1…', 'indices': [108, 131]}]}"
2021-02-14 10:57:55+00:00,"{'hashtags': [{'text': 'THE9', 'indices': [18, 23]}, {'text': '爱奇艺', 'indices': [108, 112]}], 'symbols': [], 'user_mentions': [], 'urls': [{'url': 'https://t.co/JRKmfNXojt', 'expanded_url': 'https://twitter.com/i/web/status/1360906108597010440', 'display_url': 'twitter.com/i/web/status/1…', 'indices': [114, 137]}]}"
2021-02-14 10:21:11+00:00,"{'hashtags': [{'text': '赘婿', 'indices': [0, 3]}, {'text': '爱奇艺', 'indices': [42, 46]}, {'text': '郭麒麟', 'indices': [47, 51]}, {'text': '宋轶', 'indices': [52, 55]}], 'symbols': [], 'user_mentions': [], 'urls': []}"
2021-02-14 10:21:10+00:00,"{'hashtags': [], 'symbols': [], 'user_mentions': [], 'urls': [{'url': 'https://t.co/zISd7soYLY', 'expanded_url': 'https://twitter.com/i/web/status/1360896860085309443', 'display_url': 'twitter.com/i/web/status/1…', 'indices': [117, 140]}]}"
2021-02-13 12:48:40+00:00,"{'hashtags': [{'text': '爱奇艺', 'indices': [28, 32]}, {'text': '灵域', 'indices': [33, 36]}, {'text': '范丞丞', 'indices': [37, 41]}, {'text': '程潇', 'indices': [42, 45]}, {'text': '刘一曈', 'indices': [46, 50]}, {'text': '聂子皓', 'indices': [51, 55]}, {'text': '马月', 'indices': [56, 59]}, {'text': '葛鑫怡', 'indices': [60, 64]}], 'symbols': [], 'user_mentions': [], 'urls': [], 'media': [{'id': 1360571559073652740, 'id_str': '1360571559073652740', 'indices': [65, 88], 'media_url': 'http://pbs.twimg.com/media/EuG4n9YVoAQRTDb.jpg', 'media_url_https': 'https://pbs.twimg.com/media/EuG4n9YVoAQRTDb.jpg', 'url': 'https://t.co/IxEpJKKugI', 'display_url': 'pic.twitter.com/IxEpJKKugI', 'expanded_url': 'https://twitter.com/iQIYIofficial/status/1360571593433354243/photo/1', 'type': 'photo', 'sizes': {'thumb': {'w': 150, 'h': 150, 'resize': 'crop'}, 'large': {'w': 1920, 'h': 1080, 'resize': 'fit'}, 'medium': {'w': 1200, 'h': 675, 'resize': 'fit'}, 'small': {'w': 680, 'h': 383, 'resize': 'fit'}}}]}"
2021-02-13 12:48:31+00:00,"{'hashtags': [], 'symbols': [], 'user_mentions': [], 'urls': [{'url': 'https://t.co/IJBCtxohne', 'expanded_url': 'https://twitter.com/i/web/status/1360571554107543555', 'display_url': 'twitter.com/i/web/status/1…', 'indices': [107, 130]}]}"
2021-02-13 12:32:22+00:00,"{'hashtags': [{'text': '爱奇艺', 'indices': [22, 26]}, {'text': '扑通扑通喜欢你', 'indices': [27, 35]}, {'text': '罗正', 'indices': [36, 39]}, {'text': '季美含', 'indices': [40, 44]}, {'text': '李莎旻子', 'indices': [45, 50]}, {'text': '陈鹤一', 'indices': [51, 55]}, {'text': '常华森', 'indices': [56, 60]}, {'text': '文渊', 'indices': [61, 64]}], 'symbols': [], 'user_mentions': [], 'urls': [], 'media': [{'id': 1360567377931325442, 'id_str': '1360567377931325442', 'indices': [65, 88], 'media_url': 'http://pbs.twimg.com/media/EuG00laU0AIiEI0.jpg', 'media_url_https': 'https://pbs.twimg.com/media/EuG00laU0AIiEI0.jpg', 'url': 'https://t.co/CHgipbEwiH', 'display_url': 'pic.twitter.com/CHgipbEwiH', 'expanded_url': 'https://twitter.com/iQIYIofficial/status/1360567489034260485/photo/1', 'type': 'photo', 'sizes': {'thumb': {'w': 150, 'h': 150, 'resize': 'crop'}, 'medium': {'w': 1200, 'h': 801, 'resize': 'fit'}, 'large': {'w': 1618, 'h': 1080, 'resize': 'fit'}, 'small': {'w': 680, 'h': 454, 'resize': 'fit'}}}]}"
2021-02-13 12:31:54+00:00,"{'hashtags': [], 'symbols': [], 'user_mentions': [], 'urls': [{'url': 'https://t.co/vdlyc6d3DB', 'expanded_url': 'https://twitter.com/i/web/status/1360567373804179459', 'display_url': 'twitter.com/i/web/status/1…', 'indices': [110, 133]}]}"
2021-02-13 12:16:17+00:00,"{'hashtags': [{'text': '赘婿', 'indices': [0, 3]}, {'text': '爱奇艺', 'indices': [32, 36]}, {'text': '郭麒麟', 'indices': [37, 41]}, {'text': '宋轶', 'indices': [42, 45]}], 'symbols': [], 'user_mentions': [], 'urls': []}"
2021-02-13 12:16:16+00:00,"{'hashtags': [], 'symbols': [], 'user_mentions': [], 'urls': [{'url': 'https://t.co/wvGGSMdXMd', 'expanded_url': 'https://twitter.com/i/web/status/1360563438720700418', 'display_url': 'twitter.com/i/web/status/1…', 'indices': [117, 140]}]}"
2021-02-13 10:59:00+00:00,"{'hashtags': [{'text': '我的时代你的时代', 'indices': [0, 9]}, {'text': '爱奇艺', 'indices': [50, 54]}, {'text': '胡一天', 'indices': [63, 67]}, {'text': '李一桐', 'indices': [68, 72]}, {'text': 'GoGoSquid2', 'indices': [73, 84]}, {'text': 'huyitian', 'indices': [85, 94]}, {'text': 'liyitong', 'indices': [95, 104]}], 'symbols': [], 'user_mentions': [], 'urls': []}"
2021-02-13 10:58:56+00:00,"{'hashtags': [], 'symbols': [], 'user_mentions': [], 'urls': [{'url': 'https://t.co/ZQ7lVATU4Q', 'expanded_url': 'https://twitter.com/i/web/status/1360543977439588367', 'display_url': 'twitter.com/i/web/status/1…', 'indices': [117, 140]}]}"
2021-02-13 07:44:44+00:00,"{'hashtags': [{'text': '爱奇艺', 'indices': [55, 59]}, {'text': '潮流合伙人', 'indices': [60, 66]}, {'text': '陈伟霆', 'indices': [67, 71]}, {'text': '欧阳娜娜', 'indices': [72, 77]}, {'text': '范丞丞', 'indices': [78, 82]}, {'text': '刘雨昕', 'indices': [83, 87]}, {'text': '周扬青', 'indices': [88, 92]}], 'symbols': [], 'user_mentions': [], 'urls': [], 'media': [{'id': 1360495095280070656, 'id_str': '1360495095280070656', 'indices': [93, 116], 'media_url': 'http://pbs.twimg.com/media/EuFzFLjUcAA06HE.jpg', 'media_url_https': 'https://pbs.twimg.com/media/EuFzFLjUcAA06HE.jpg', 'url': 'https://t.co/WvUPzxUvWf', 'display_url': 'pic.twitter.com/WvUPzxUvWf', 'expanded_url': 'https://twitter.com/iQIYIofficial/status/1360495103538700296/photo/1', 'type': 'photo', 'sizes': {'thumb': {'w': 150, 'h': 150, 'resize': 'crop'}, 'large': {'w': 1080, 'h': 1920, 'resize': 'fit'}, 'small': {'w': 383, 'h': 680, 'resize': 'fit'}, 'medium': {'w': 675, 'h': 1200, 'resize': 'fit'}}}]}"
2021-02-13 07:44:41+00:00,"{'hashtags': [], 'symbols': [], 'user_mentions': [], 'urls': [{'url': 'https://t.co/tGXLgXMVOE', 'expanded_url': 'https://twitter.com/i/web/status/1360495091954053122', 'display_url': 'twitter.com/i/web/status/1…', 'indices': [117, 140]}]}"
2021-02-12 09:16:38+00:00,"{'hashtags': [{'text': '灵域', 'indices': [2, 5]}, {'text': '爱奇艺', 'indices': [31, 35]}, {'text': '范丞丞', 'indices': [36, 40]}, {'text': '程潇', 'indices': [41, 44]}, {'text': '刘一曈', 'indices': [45, 49]}, {'text': '聂子皓', 'indices': [50, 54]}, {'text': '马月', 'indices': [55, 58]}, {'text': '王一鸣', 'indices': [59, 63]}, {'text': '葛鑫怡', 'indices': [64, 68]}, {'text': '张哲华', 'indices': [69, 73]}], 'symbols': [], 'user_mentions': [], 'urls': [], 'media': [{'id': 1360155834504814594, 'id_str': '1360155834504814594', 'indices': [74, 97], 'media_url': 'http://pbs.twimg.com/media/EuA-hmrVoAIe0Um.jpg', 'media_url_https': 'https://pbs.twimg.com/media/EuA-hmrVoAIe0Um.jpg', 'url': 'https://t.co/sfSOzayJaw', 'display_url': 'pic.twitter.com/sfSOzayJaw', 'expanded_url': 'https://twitter.com/iQIYIofficial/status/1360155844864659457/photo/1', 'type': 'photo', 'sizes': {'medium': {'w': 1200, 'h': 675, 'resize': 'fit'}, 'thumb': {'w': 150, 'h': 150, 'resize': 'crop'}, 'large': {'w': 1920, 'h': 1080, 'resize': 'fit'}, 'small': {'w': 680, 'h': 383, 'resize': 'fit'}}}]}"
2021-02-12 09:16:35+00:00,"{'hashtags': [], 'symbols': [], 'user_mentions': [], 'urls': [{'url': 'https://t.co/J6tJMkcQQO', 'expanded_url': 'https://twitter.com/i/web/status/1360155831317110786', 'display_url': 'twitter.com/i/web/status/1…', 'indices': [117, 140]}]}"
2021-02-12 06:43:49+00:00,"{'hashtags': [{'text': '爱奇艺', 'indices': [33, 37]}, {'text': '假日暖洋洋', 'indices': [38, 44]}, {'text': '姚晨', 'indices': [45, 48]}, {'text': '白宇', 'indices': [49, 52]}, {'text': '大鹏', 'indices': [53, 56]}, {'text': '张静初', 'indices': [57, 61]}], 'symbols': [], 'user_mentions': [], 'urls': []}"
2021-02-12 06:43:48+00:00,"{'hashtags': [], 'symbols': [], 'user_mentions': [], 'urls': [{'url': 'https://t.co/pAoHnsPTeM', 'expanded_url': 'https://twitter.com/i/web/status/1360117381826154498', 'display_url': 'twitter.com/i/web/status/1…', 'indices': [116, 139]}]}"
2021-02-12 04:16:44+00:00,"{'hashtags': [{'text': '爱奇艺', 'indices': [39, 43]}, {'text': '扑通扑通喜欢你', 'indices': [44, 52]}, {'text': '罗正', 'indices': [53, 56]}, {'text': '季美含', 'indices': [57, 61]}], 'symbols': [], 'user_mentions': [], 'urls': []}"
2021-02-12 04:16:43+00:00,"{'hashtags': [], 'symbols': [], 'user_mentions': [], 'urls': [{'url': 'https://t.co/eJiBCF6GNj', 'expanded_url': 'https://twitter.com/i/web/status/1360080367353430017', 'display_url': 'twitter.com/i/web/status/1…', 'indices': [116, 139]}]}"
2021-02-12 03:31:45+00:00,"{'hashtags': [], 'symbols': [], 'user_mentions': [], 'urls': [{'url': 'https://t.co/NyqGM9h24o', 'expanded_url': 'https://twitter.com/i/web/status/1360069053868503041', 'display_url': 'twitter.com/i/web/status/1…', 'indices': [117, 140]}]}"
2021-02-12 02:55:04+00:00,"{'hashtags': [], 'symbols': [], 'user_mentions': [], 'urls': [{'url': 'https://t.co/HIckfUqVzW', 'expanded_url': 'https://twitter.com/i/web/status/1360059818342379522', 'display_url': 'twitter.com/i/web/status/1…', 'indices': [117, 140]}]}"
2021-02-11 10:46:24+00:00,"{'hashtags': [{'text': '爱奇艺', 'indices': [31, 35]}, {'text': '灵域', 'indices': [36, 39]}, {'text': '范丞丞', 'indices': [40, 44]}, {'text': '程潇', 'indices': [45, 48]}, {'text': '刘一曈', 'indices': [49, 53]}, {'text': '聂子皓', 'indices': [54, 58]}, {'text': '马月', 'indices': [59, 62]}], 'symbols': [], 'user_mentions': [], 'urls': [], 'media': [{'id': 1359815928523882505, 'id_str': '1359815928523882505', 'indices': [63, 86], 'media_url': 'http://pbs.twimg.com/media/Et8JYeOVgAkoxsg.jpg', 'media_url_https': 'https://pbs.twimg.com/media/Et8JYeOVgAkoxsg.jpg', 'url': 'https://t.co/TMJTbvzFhH', 'display_url': 'pic.twitter.com/TMJTbvzFhH', 'expanded_url': 'https://twitter.com/iQIYIofficial/status/1359816048640364546/photo/1', 'type': 'photo', 'sizes': {'thumb': {'w': 150, 'h': 150, 'resize': 'crop'}, 'large': {'w': 1920, 'h': 1080, 'resize': 'fit'}, 'small': {'w': 680, 'h': 383, 'resize': 'fit'}, 'medium': {'w': 1200, 'h': 675, 'resize': 'fit'}}}]}"
2021-02-11 10:45:54+00:00,"{'hashtags': [], 'symbols': [], 'user_mentions': [], 'urls': [{'url': 'https://t.co/kHhPOGs5Y2', 'expanded_url': 'https://twitter.com/i/web/status/1359815919740940288', 'display_url': 'twitter.com/i/web/status/1…', 'indices': [116, 139]}]}"
2021-02-11 10:02:00+00:00,"{'hashtags': [{'text': '爱奇艺', 'indices': [31, 35]}, {'text': '假日暖洋洋', 'indices': [36, 42]}, {'text': '姚晨', 'indices': [43, 46]}, {'text': '白宇', 'indices': [47, 50]}, {'text': '大鹏', 'indices': [51, 54]}, {'text': '张静初', 'indices': [55, 59]}, {'text': '陈小艺', 'indices': [60, 64]}, {'text': '郑云龙', 'indices': [65, 69]}], 'symbols': [], 'user_mentions': [], 'urls': [], 'media': [{'id': 1359804861387186181, 'id_str': '1359804861387186181', 'indices': [70, 93], 'media_url': 'http://pbs.twimg.com/media/Et7_UR7VIAUyGMa.jpg', 'media_url_https': 'https://pbs.twimg.com/media/Et7_UR7VIAUyGMa.jpg', 'url': 'https://t.co/Dlz8m87pwG', 'display_url': 'pic.twitter.com/Dlz8m87pwG', 'expanded_url': 'https://twitter.com/iQIYIofficial/status/1359804875375218693/photo/1', 'type': 'photo', 'sizes': {'thumb': {'w': 150, 'h': 150, 'resize': 'crop'}, 'medium': {'w': 1200, 'h': 800, 'resize': 'fit'}, 'large': {'w': 1620, 'h': 1080, 'resize': 'fit'}, 'small': {'w': 680, 'h': 453, 'resize': 'fit'}}}]}"
2021-02-11 10:01:56+00:00,"{'hashtags': [], 'symbols': [], 'user_mentions': [], 'urls': [{'url': 'https://t.co/2HSqxaYT4f', 'expanded_url': 'https://twitter.com/i/web/status/1359804858488872961', 'display_url': 'twitter.com/i/web/status/1…', 'indices': [117, 140]}]}"
2021-02-11 09:24:08+00:00,"{'hashtags': [{'text': '爱奇艺', 'indices': [21, 25]}, {'text': '扑通扑通喜欢你', 'indices': [26, 34]}, {'text': '罗正', 'indices': [35, 38]}, {'text': '季美含', 'indices': [39, 43]}, {'text': '李莎旻子', 'indices': [44, 49]}, {'text': '陈鹤一', 'indices': [50, 54]}, {'text': '常华森', 'indices': [55, 59]}, {'text': '文渊', 'indices': [60, 63]}], 'symbols': [], 'user_mentions': [], 'urls': []}"
2021-02-11 09:24:07+00:00,"{'hashtags': [{'text': 'MakeMyHeartSmile', 'indices': [68, 85]}, {'text': 'iQIYI', 'indices': [89, 95]}], 'symbols': [], 'user_mentions': [], 'urls': [{'url': 'https://t.co/kugqxexS1d', 'expanded_url': 'https://twitter.com/i/web/status/1359795340061274112', 'display_url': 'twitter.com/i/web/status/1…', 'indices': [100, 123]}]}"
2021-02-11 09:13:26+00:00,"{'hashtags': [{'text': '爱奇艺', 'indices': [41, 45]}, {'text': '潮流合伙人', 'indices': [46, 52]}, {'text': '陈伟霆', 'indices': [53, 57]}, {'text': '欧阳娜娜', 'indices': [58, 63]}, {'text': '范丞丞', 'indices': [64, 68]}, {'text': '刘雨昕', 'indices': [69, 73]}, {'text': '周扬青', 'indices': [74, 78]}, {'text': '钱正昊', 'indices': [79, 83]}, {'text': '白景屹', 'indices': [84, 88]}, {'text': '刘思鉴', 'indices': [89, 93]}], 'symbols': [], 'user_mentions': [], 'urls': [], 'media': [{'id': 1359792625578962947, 'id_str': '1359792625578962947', 'indices': [94, 117], 'media_url': 'http://pbs.twimg.com/media/Et70MD_UcAM4F58.jpg', 'media_url_https': 'https://pbs.twimg.com/media/Et70MD_UcAM4F58.jpg', 'url': 'https://t.co/sc9gBfkyja', 'display_url': 'pic.twitter.com/sc9gBfkyja', 'expanded_url': 'https://twitter.com/iQIYIofficial/status/1359792651701133315/photo/1', 'type': 'photo', 'sizes': {'thumb': {'w': 150, 'h': 150, 'resize': 'crop'}, 'small': {'w': 680, 'h': 453, 'resize': 'fit'}, 'large': {'w': 1620, 'h': 1080, 'resize': 'fit'}, 'medium': {'w': 1200, 'h': 800, 'resize': 'fit'}}}]}"
2021-02-11 09:13:19+00:00,"{'hashtags': [], 'symbols': [], 'user_mentions': [], 'urls': [{'url': 'https://t.co/gfOomYC45u', 'expanded_url': 'https://twitter.com/i/web/status/1359792622307401728', 'display_url': 'twitter.com/i/web/status/1…', 'indices': [117, 140]}]}"
2021-02-11 07:11:41+00:00,"{'hashtags': [{'text': '爱奇艺', 'indices': [33, 37]}, {'text': '我的时代你的时代', 'indices': [38, 47]}, {'text': '胡一天', 'indices': [48, 52]}, {'text': '李一桐', 'indices': [53, 57]}], 'symbols': [], 'user_mentions': [], 'urls': []}"
2021-02-11 07:11:30+00:00,"{'hashtags': [], 'symbols': [], 'user_mentions': [], 'urls': [{'url': 'https://t.co/rb0YriNAZ1', 'expanded_url': 'https://twitter.com/i/web/status/1359761965778837504', 'display_url': 'twitter.com/i/web/status/1…', 'indices': [117, 140]}]}"
2021-02-10 12:04:04+00:00,"{'hashtags': [], 'symbols': [], 'user_mentions': [], 'urls': [{'url': 'https://t.co/DFgfvcOvo5', 'expanded_url': 'https://twitter.com/i/web/status/1359473203672870913', 'display_url': 'twitter.com/i/web/status/1…', 'indices': [99, 122]}]}"
2021-02-10 11:46:45+00:00,"{'hashtags': [], 'symbols': [], 'user_mentions': [], 'urls': [{'url': 'https://t.co/EQJk3VL7gg', 'expanded_url': 'https://twitter.com/i/web/status/1359468848655683587', 'display_url': 'twitter.com/i/web/status/1…', 'indices': [111, 134]}]}"
2021-02-10 09:43:01+00:00,"{'hashtags': [{'text': '扑通扑通喜欢你', 'indices': [17, 25]}, {'text': '爱奇艺', 'indices': [29, 33]}, {'text': '常华森', 'indices': [48, 52]}, {'text': '文渊', 'indices': [53, 56]}, {'text': '麦童', 'indices': [57, 60]}, {'text': 'changhuasen', 'indices': [61, 73]}, {'text': 'wenyuan', 'indices': [74, 82]}, {'text': 'maitong', 'indices': [83, 91]}], 'symbols': [], 'user_mentions': [], 'urls': [], 'media': [{'id': 1359437696976883724, 'id_str': '1359437696976883724', 'indices': [92, 115], 'media_url': 'http://pbs.twimg.com/media/Et2xYf6VEAwBEpw.jpg', 'media_url_https': 'https://pbs.twimg.com/media/Et2xYf6VEAwBEpw.jpg', 'url': 'https://t.co/hdg7HG5fjx', 'display_url': 'pic.twitter.com/hdg7HG5fjx', 'expanded_url': 'https://twitter.com/iQIYIofficial/status/1359437707362004994/photo/1', 'type': 'photo', 'sizes': {'small': {'w': 680, 'h': 454, 'resize': 'fit'}, 'thumb': {'w': 150, 'h': 150, 'resize': 'crop'}, 'medium': {'w': 1200, 'h': 801, 'resize': 'fit'}, 'large': {'w': 1618, 'h': 1080, 'resize': 'fit'}}}]}"
2021-02-10 09:42:57+00:00,"{'hashtags': [], 'symbols': [], 'user_mentions': [], 'urls': [{'url': 'https://t.co/WXwfreMUSt', 'expanded_url': 'https://twitter.com/i/web/status/1359437693201960961', 'display_url': 'twitter.com/i/web/status/1…', 'indices': [117, 140]}]}"
2021-02-10 04:41:31+00:00,"{'hashtags': [{'text': 'VacationofLove', 'indices': [89, 104]}, {'text': 'iQIYI', 'indices': [108, 114]}], 'symbols': [], 'user_mentions': [], 'urls': [{'url': 'https://t.co/1hwHOMEz0F', 'expanded_url': 'https://twitter.com/i/web/status/1359361833883160578', 'display_url': 'twitter.com/i/web/status/1…', 'indices': [116, 139]}]}"
2021-02-10 02:38:08+00:00,"{'hashtags': [{'text': '荣耀乒乓', 'indices': [0, 5]}, {'text': '爱奇艺', 'indices': [32, 36]}, {'text': '白敬亭', 'indices': [37, 41]}, {'text': '许魏洲', 'indices': [42, 46]}, {'text': '万国鹏', 'indices': [47, 51]}, {'text': '边一鸣', 'indices': [52, 56]}], 'symbols': [], 'user_mentions': [], 'urls': [], 'media': [{'id': 1359329845218402304, 'id_str': '1359329845218402304', 'indices': [57, 80], 'media_url': 'http://pbs.twimg.com/ext_tw_video_thumb/1359329845218402304/pu/img/HdoGDEG_XtU2wMQH.jpg', 'media_url_https': 'https://pbs.twimg.com/ext_tw_video_thumb/1359329845218402304/pu/img/HdoGDEG_XtU2wMQH.jpg', 'url': 'https://t.co/3qeHSZypAJ', 'display_url': 'pic.twitter.com/3qeHSZypAJ', 'expanded_url': 'https://twitter.com/iQIYIofficial/status/1359330782540537856/video/1', 'type': 'photo', 'sizes': {'thumb': {'w': 150, 'h': 150, 'resize': 'crop'}, 'medium': {'w': 1200, 'h': 675, 'resize': 'fit'}, 'small': {'w': 680, 'h': 383, 'resize': 'fit'}, 'large': {'w': 1280, 'h': 720, 'resize': 'fit'}}}]}"
2021-02-10 01:56:20+00:00,"{'hashtags': [{'text': 'PINGPONG', 'indices': [41, 50]}], 'symbols': [], 'user_mentions': [], 'urls': [{'url': 'https://t.co/HZIQuT58Vr', 'expanded_url': 'https://twitter.com/i/web/status/1359320262827626496', 'display_url': 'twitter.com/i/web/status/1…', 'indices': [116, 139]}]}"
2021-02-09 11:24:21+00:00,"{'hashtags': [{'text': '刘宇宁', 'indices': [0, 4]}, {'text': '爱奇艺', 'indices': [36, 40]}, {'text': '我的时代你的时代', 'indices': [41, 50]}, {'text': '胡一天', 'indices': [51, 55]}, {'text': '李一桐', 'indices': [56, 60]}], 'symbols': [], 'user_mentions': [], 'urls': []}"
2021-02-09 11:24:20+00:00,"{'hashtags': [{'text': 'liuyuning', 'indices': [58, 68]}], 'symbols': [], 'user_mentions': [], 'urls': [{'url': 'https://t.co/uJDfYUaiZK', 'expanded_url': 'https://twitter.com/i/web/status/1359100816355852294', 'display_url': 'twitter.com/i/web/status/1…', 'indices': [117, 140]}]}"
2021-02-09 08:56:59+00:00,"{'hashtags': [{'text': '爱奇艺', 'indices': [41, 45]}, {'text': '潮流合伙人', 'indices': [46, 52]}, {'text': '陈伟霆', 'indices': [53, 57]}, {'text': '欧阳娜娜', 'indices': [58, 63]}, {'text': '刘雨昕', 'indices': [64, 68]}, {'text': '周扬青', 'indices': [69, 73]}], 'symbols': [], 'user_mentions': [], 'urls': []}"
2021-02-09 08:56:58+00:00,"{'hashtags': [], 'symbols': [], 'user_mentions': [], 'urls': [{'url': 'https://t.co/sIuNyOWnd8', 'expanded_url': 'https://twitter.com/i/web/status/1359063731624288259', 'display_url': 'twitter.com/i/web/status/1…', 'indices': [117, 140]}]}"
2021-02-09 06:36:33+00:00,"{'hashtags': [{'text': '爱奇艺', 'indices': [31, 35]}, {'text': '扑通扑通喜欢你', 'indices': [36, 44]}, {'text': '罗正', 'indices': [45, 48]}, {'text': '陈鹤一', 'indices': [49, 53]}, {'text': '常华森', 'indices': [54, 58]}, {'text': '文渊', 'indices': [59, 62]}], 'symbols': [], 'user_mentions': [], 'urls': []}"
2021-02-09 06:36:31+00:00,"{'hashtags': [], 'symbols': [], 'user_mentions': [], 'urls': [{'url': 'https://t.co/IRlDfeHB60', 'expanded_url': 'https://twitter.com/i/web/status/1359028387637915649', 'display_url': 'twitter.com/i/web/status/1…', 'indices': [116, 139]}]}"
2021-02-09 05:31:16+00:00,"{'hashtags': [{'text': '爱奇艺', 'indices': [30, 34]}, {'text': '假日暖洋洋', 'indices': [35, 41]}, {'text': '姚晨', 'indices': [42, 45]}, {'text': '张静初', 'indices': [46, 50]}, {'text': '陈小艺', 'indices': [51, 55]}, {'text': '高叶', 'indices': [56, 59]}, {'text': '张彤', 'indices': [60, 63]}, {'text': '康可人', 'indices': [64, 68]}, {'text': '兰西雅', 'indices': [69, 73]}], 'symbols': [], 'user_mentions': [], 'urls': [], 'media': [{'id': 1359011940723380225, 'id_str': '1359011940723380225', 'indices': [74, 97], 'media_url': 'http://pbs.twimg.com/media/EtwuKORU0AE48mA.jpg', 'media_url_https': 'https://pbs.twimg.com/media/EtwuKORU0AE48mA.jpg', 'url': 'https://t.co/pvSwrVrjym', 'display_url': 'pic.twitter.com/pvSwrVrjym', 'expanded_url': 'https://twitter.com/iQIYIofficial/status/1359011967634055168/photo/1', 'type': 'photo', 'sizes': {'thumb': {'w': 150, 'h': 150, 'resize': 'crop'}, 'small': {'w': 383, 'h': 680, 'resize': 'fit'}, 'large': {'w': 1080, 'h': 1920, 'resize': 'fit'}, 'medium': {'w': 675, 'h': 1200, 'resize': 'fit'}}}]}"
2021-02-09 05:31:09+00:00,"{'hashtags': [], 'symbols': [], 'user_mentions': [], 'urls': [{'url': 'https://t.co/BCQbp98A26', 'expanded_url': 'https://twitter.com/i/web/status/1359011937690947591', 'display_url': 'twitter.com/i/web/status/1…', 'indices': [117, 140]}]}"
2021-02-09 04:52:17+00:00,"{'hashtags': [{'text': '爱奇艺', 'indices': [30, 34]}, {'text': '灵域', 'indices': [35, 38]}, {'text': '范丞丞', 'indices': [39, 43]}, {'text': '程潇', 'indices': [44, 47]}, {'text': '刘一曈', 'indices': [48, 52]}, {'text': '郑艺彬', 'indices': [53, 57]}], 'symbols': [], 'user_mentions': [], 'urls': []}"
2021-02-09 04:52:17+00:00,"{'hashtags': [], 'symbols': [], 'user_mentions': [], 'urls': [{'url': 'https://t.co/ZHlVTwhd1x', 'expanded_url': 'https://twitter.com/i/web/status/1359002153184993280', 'display_url': 'twitter.com/i/web/status/1…', 'indices': [117, 140]}]}"
2021-02-09 03:41:54+00:00,"{'hashtags': [{'text': 'YouthWithYou3', 'indices': [76, 90]}], 'symbols': [], 'user_mentions': [], 'urls': [{'url': 'https://t.co/uU6m3i8XFe', 'expanded_url': 'https://twitter.com/i/web/status/1358984441377378304', 'display_url': 'twitter.com/i/web/status/1…', 'indices': [117, 140]}]}"
2021-02-08 11:17:15+00:00,"{'hashtags': [{'text': '爱奇艺', 'indices': [25, 29]}, {'text': '我的时代你的时代', 'indices': [30, 39]}, {'text': '胡一天', 'indices': [40, 44]}, {'text': '李一桐', 'indices': [45, 49]}], 'symbols': [], 'user_mentions': [], 'urls': [], 'media': [{'id': 1358736630513717249, 'id_str': '1358736630513717249', 'indices': [50, 73], 'media_url': 'http://pbs.twimg.com/media/EtszxD0U0AEzm4F.jpg', 'media_url_https': 'https://pbs.twimg.com/media/EtszxD0U0AEzm4F.jpg', 'url': 'https://t.co/Waee2rS7gC', 'display_url': 'pic.twitter.com/Waee2rS7gC', 'expanded_url': 'https://twitter.com/iQIYIofficial/status/1358736647454556163/photo/1', 'type': 'photo', 'sizes': {'small': {'w': 453, 'h': 680, 'resize': 'fit'}, 'thumb': {'w': 150, 'h': 150, 'resize': 'crop'}, 'large': {'w': 1080, 'h': 1620, 'resize': 'fit'}, 'medium': {'w': 800, 'h': 1200, 'resize': 'fit'}}}]}"
