created_at,screen_name
2020-02-24 21:56:09,bridgerton
2009-08-25 07:16:08,GSCinemas
2010-01-02 20:55:43,iamsrk
2013-01-05 15:50:29,AniTrendz
2020-02-27 19:36:16,neverhaveiever
2018-03-22 11:22:48,lacasadepapel
2019-02-15 15:08:44,Most
2019-02-14 23:54:04,lockekeynetflix
2019-11-27 16:12:26,ianowt
2018-09-07 15:11:15,witchernetflix
2018-08-22 22:58:41,the_Politician
2018-11-08 00:52:11,rhythmflow
2017-04-27 19:01:33,TEOTFW
2017-09-17 18:43:16,netflixfamily
2016-08-03 19:12:17,lostinspacetv
2018-03-05 21:46:13,netflixqueue
2016-02-10 23:19:22,bigmouth
2018-03-21 23:42:22,NetflixFilm
2014-11-26 16:12:27,VancityReynolds
2018-10-30 23:48:30,Uppercut
2018-05-24 18:34:48,NXOnNetflix
2017-04-25 16:32:45,netflixth
2018-08-27 03:41:53,NetflixID
2018-02-12 21:04:20,UmbrellaAcad
2017-04-14 19:56:56,NetflixIsAJoke
2016-02-17 01:45:06,CW_Riverdale
2007-05-01 21:40:03,BuzzFeed
2016-05-24 16:59:59,13ReasonsWhy
2013-10-17 22:35:41,HootsuiteAPAC
2008-10-31 22:26:54,hootsuite
2008-09-16 16:13:23,EW
2009-01-06 08:59:41,goldenglobes
2012-08-14 14:18:36,NetflixNordic
2007-03-17 09:57:25,WIRED
2016-07-18 02:07:53,noah_schnapp
2016-07-21 23:35:13,joe_keery
2015-10-25 01:21:08,GatenM123
2015-05-08 21:07:35,calebmclaughlin
2015-11-17 02:33:56,blackmirror
2016-03-30 14:04:38,TheCrownNetflix
2015-04-23 13:40:52,MashableSEA
2016-08-11 01:45:24,Netflix_PH
2013-09-24 19:29:18,nlyonne
2009-01-03 18:23:36,Janefonda
2015-08-19 17:59:34,Stranger_Things
2011-10-12 19:27:24,RealRobinWright
2009-01-11 09:55:08,jokoanwar
2015-02-18 18:46:33,NetflixKR
2015-12-09 02:40:41,NetflixIndia
2012-12-19 23:17:17,HouseofCards
2013-12-02 21:03:16,BoJackHorseman
2008-06-26 07:24:42,reedhastings
2009-02-21 01:37:44,Netflixhelps
2013-04-12 01:23:28,OITNB
2014-02-13 12:09:54,NetflixFR
2014-04-11 17:09:31,KimmySchmidt
2015-11-18 00:17:44,MakingAMurderer
2014-10-02 14:10:32,NetflixANZ
2014-03-19 02:00:39,GraceandFrankie
2015-06-24 18:48:04,NetflixJP
2015-04-07 09:14:20,NetflixES
2015-06-06 06:34:05,NetflixPT
2015-06-06 06:27:36,NetflixIT
2010-12-28 22:37:07,NetflixLAT
2010-12-28 22:43:40,NetflixBrasil
2010-09-30 22:31:31,Netflix_CA
2010-12-27 20:54:09,NetflixUK
2015-01-15 22:56:47,NarcosNetflix
